{"stats":{"minecraft:broken":{"ars_nouveau:enchanters_shield":1,"minecraft:iron_sword":1,"minecraft:shield":2,"minecraft:iron_axe":2,"epicfight:iron_longsword":1},"minecraft:custom":{"minecraft:interact_with_crafting_table":239,"minecraft:open_barrel":66,"minecraft:eat_cake_slice":2,"minecraft:leave_game":13,"minecraft:time_since_death":220881,"minecraft:damage_blocked_by_shield":41004,"minecraft:play_time":1970519,"minecraft:deaths":5,"minecraft:jump":11345,"minecraft:enchant_item":34,"minecraft:interact_with_furnace":68,"minecraft:play_record":1,"minecraft:traded_with_villager":100,"minecraft:sleep_in_bed":20,"minecraft:waystone_activated":9,"minecraft:damage_dealt":122204,"minecraft:interact_with_smoker":54,"minecraft:horse_one_cm":11191,"minecraft:interact_with_smithing_table":10,"minecraft:interact_with_anvil":21,"vampirism:killed_with_stake":26,"minecraft:damage_dealt_absorbed":795,"minecraft:sneak_time":36037,"minecraft:interact_with_lectern":5,"minecraft:interact_with_blast_furnace":28,"minecraft:total_world_time":1970519,"vampirism:win_village_capture":3,"vampirism:interact_with_injection_chair":3,"minecraft:time_since_rest":10969,"minecraft:swim_one_cm":322056,"minecraft:fly_one_cm":6535306,"minecraft:open_chest":1887,"minecraft:fall_one_cm":403144,"minecraft:animals_bred":10,"minecraft:damage_resisted":736,"minecraft:sprint_one_cm":4953335,"minecraft:drop":619,"vampirism:interact_with_totem":1,"minecraft:talked_to_villager":24,"minecraft:interact_with_brewingstand":21,"minecraft:walk_on_water_one_cm":190572,"vampirism:interact_with_research_table":5,"minecraft:interact_with_beacon":5,"minecraft:player_kills":1,"minecraft:crouch_one_cm":103072,"minecraft:mob_kills":831,"minecraft:damage_dealt_resisted":7874,"minecraft:climb_one_cm":71221,"minecraft:walk_one_cm":8943463,"vampirism:skills_unlocked":15,"minecraft:walk_under_water_one_cm":582150,"minecraft:interact_with_grindstone":31,"minecraft:damage_absorbed":40,"minecraft:damage_taken":85675,"minecraft:trigger_trapped_chest":4,"minecraft:aviate_one_cm":5352285,"vampirism:defend_village":3},"minecraft:used":{"minecraft:spruce_slab":1,"minecraft:stone":10,"minecraft:rotten_flesh":4,"ars_nouveau:alteration_table":2,"ars_nouveau:archwood_chest":8,"minecraft:lava_bucket":2,"minecraft:quartz_block":465,"minecraft:bow":298,"minecraft:oak_sapling":20,"minecraft:furnace":3,"minecraft:potato":13,"spartanweaponry:iron_greatsword":25,"minecraft:damaged_anvil":1,"minecraft:diorite":6,"minecraft:wooden_pickaxe":3,"epicfight:iron_longsword":259,"ars_nouveau:arcanist_hood":2,"minecraft:golden_apple":2,"minecraft:blast_furnace":3,"scalinghealth:cursed_heart":1,"minecraft:birch_fence":36,"relics:horse_flute":5,"spartanweaponry:iron_dagger":1,"scalinghealth:enchanted_heart":5,"born_in_chaos_v1:monster_flesh":1,"minecraft:zombie_head":6,"minecraft:lectern":10,"minecraft:diamond_sword":889,"minecraft:smithing_table":1,"minecraft:oak_boat":7,"minecraft:enchanting_table":1,"ars_nouveau:arcane_core":1,"minecraft:cooked_salmon":10,"minecraft:netherrack":120,"minecraft:torch":231,"minecraft:brewing_stand":1,"minecraft:anvil":2,"minecraft:nether_quartz_ore":3,"minecraft:stone_stairs":1,"minecraft:iron_axe":636,"minecraft:iron_block":9,"etched:etched_music_disc":1,"minecraft:spawner":6,"minecraft:smooth_basalt":1,"minecraft:cobbled_deepslate":344,"minecraft:pointed_dripstone":6,"minecraft:calcite":7,"minecraft:wheat_seeds":15,"minecraft:water_bucket":152,"minecraft:birch_planks":1,"vampirism:item_garlic":4,"ars_nouveau:battlemage_robes":1,"minecraft:fletching_table":12,"minecraft:crafting_table":19,"vampirism:hunter_table":1,"minecraft:white_bed":11,"minecraft:amethyst_cluster":1,"minecraft:diamond_pickaxe":1244,"minecraft:diamond_shovel":164,"apotheosis:hellshelf":13,"minecraft:oak_button":2,"minecraft:iron_pickaxe":446,"ars_nouveau:arcane_pedestal":20,"minecraft:spruce_trapdoor":6,"minecraft:cobblestone":32,"minecraft:potion":2,"minecraft:porkchop":7,"minecraft:cooked_porkchop":22,"quark:oak_chest":10,"minecraft:dandelion":1,"minecraft:candle":114,"minecraft:polished_deepslate":2119,"ars_nouveau:magebloom_crop":5,"minecraft:shield":59,"minecraft:iron_sword":580,"minecraft:carrot":58,"minecraft:tuff":5,"minecraft:obsidian":20,"minecraft:milk_bucket":1,"minecraft:glass":100,"minecraft:deepslate_diamond_ore":24,"minecraft:skeleton_skull":2,"apotheosis:salvaging_table":1,"epicfight:skillbook":13,"apotheosis:simple_reforging_table":1,"minecraft:stone_pickaxe":13,"minecraft:oak_planks":347,"minecraft:diamond_axe":155,"ars_nouveau:archwood_planks":165,"vampirism:stake":137,"ars_nouveau:enchanting_apparatus":1,"waystones:waystone":5,"ars_nouveau:purple_archwood_sapling":14,"minecraft:bread":164,"minecraft:iron_door":4,"minecraft:gravel":44,"apotheosis:reforging_table":1,"minecraft:grindstone":3,"minecraft:andesite":8,"epicfight:diamond_longsword":510,"vampirism:med_chair":2,"minecraft:bone_meal":48,"minecraft:cobweb":38,"minecraft:oak_fence":7,"quark:birch_chest":2,"minecraft:flint_and_steel":5,"minecraft:cooked_chicken":23,"minecraft:oak_door":5,"minecraft:dirt":115,"scalinghealth:heart_crystal":33,"minecraft:diamond_helmet":1,"minecraft:granite":36,"ars_nouveau:battlemage_boots":3,"apotheosis:ender_lead":3,"minecraft:bookshelf":18,"ars_nouveau:imbuement_chamber":5,"scalinghealth:power_crystal":1,"ars_nouveau:enchanters_shield":32,"minecraft:light_gray_wool":1,"minecraft:golden_carrot":110,"ars_nouveau:arcanist_leggings":1,"scalinghealth:bandages":2,"minecraft:cooked_beef":78,"farmersdelight:fried_egg":10,"minecraft:cooked_mutton":19,"minecraft:amethyst_block":12,"minecraft:glass_bottle":6,"minecraft:baked_potato":11,"scalinghealth:chance_heart":1,"minecraft:beacon":1,"minecraft:lime_bed":1,"ars_nouveau:battlemage_leggings":2,"minecraft:smoker":5,"minecraft:wooden_hoe":16,"minecraft:flower_pot":1,"ars_nouveau:source_jar":9,"ars_nouveau:volcanic_sourcelink":3,"minecraft:bucket":155,"minecraft:yellow_bed":2,"apotheosis:infused_hellshelf":3,"ars_nouveau:scribes_table":1},"minecraft:crafted":{"minecraft:black_dye":1,"minecraft:smooth_stone":6,"vampirism:injection_garlic":1,"quark:birch_chest":2,"minecraft:blaze_powder":8,"minecraft:birch_slab":6,"waystones:waystone":1,"vampirism:med_chair":1,"minecraft:zombie_head":3,"apotheosis:sigil_of_rebirth":6,"minecraft:bookshelf":15,"minecraft:cooked_mutton":26,"minecraft:quartz_block":462,"minecraft:glass":64,"apotheosis:reforging_table":1,"ars_nouveau:blank_thread":1,"minecraft:diamond_helmet":1,"minecraft:diamond_leggings":1,"explorerscompass:explorerscompass":1,"minecraft:beacon":1,"apotheosis:ender_lead":2,"vampirism:stake":5,"minecraft:iron_door":3,"ars_nouveau:apprentice_spell_book":1,"scalinghealth:power_crystal":1,"ars_nouveau:ring_of_potential":1,"minecraft:glass_bottle":6,"minecraft:emerald":77,"minecraft:cooked_porkchop":21,"minecraft:diamond_axe":1,"minecraft:smithing_table":1,"ars_nouveau:source_jar":2,"minecraft:clock":2,"minecraft:copper_ingot":10,"minecraft:fletching_table":2,"epicfight:iron_longsword":1,"minecraft:hay_block":9,"waystones:warp_stone":3,"minecraft:lectern":1,"minecraft:wooden_hoe":1,"apotheosis:hellshelf":3,"quark:oak_chest":11,"quark:framed_glass_pane":16,"minecraft:iron_pickaxe":2,"minecraft:iron_block":12,"minecraft:gold_ingot":65,"minecraft:netherite_ingot":2,"ars_nouveau:arcane_pedestal":13,"minecraft:golden_carrot":2,"ars_nouveau:volcanic_sourcelink":1,"minecraft:iron_nugget":18,"mca:bouquet":3,"minecraft:bone_meal":48,"minecraft:lantern":1,"ars_nouveau:novice_spell_book":1,"minecraft:diamond_boots":1,"apotheosis:simple_reforging_table":1,"minecraft:wheat":418,"minecraft:firework_star":1,"mca:engagement_ring":2,"epicfight:diamond_longsword":1,"minecraft:enchanting_table":1,"sophisticatedbackpacks:gold_backpack":1,"minecraft:enchanted_book":2,"ars_nouveau:sourcestone":64,"minecraft:fermented_spider_eye":1,"minecraft:iron_shovel":1,"minecraft:white_bed":7,"ars_nouveau:mundane_belt":1,"minecraft:oak_planks":1120,"ars_nouveau:archwood_planks":448,"minecraft:cooked_chicken":12,"minecraft:stone":24,"minecraft:bow":4,"minecraft:oak_button":2,"ars_nouveau:enchanting_apparatus":1,"minecraft:stone_bricks":8,"minecraft:smoker":1,"ars_nouveau:dull_trinket":1,"minecraft:arrow":128,"sophisticatedbackpacks:backpack":1,"ars_nouveau:arcane_core":1,"minecraft:crafting_table":9,"minecraft:baked_potato":10,"minecraft:birch_planks":124,"farmersdelight:fried_egg":27,"minecraft:diamond_pickaxe":2,"minecraft:charcoal":20,"minecraft:shield":3,"ars_nouveau:archwood_chest":2,"minecraft:stick":1900,"minecraft:birch_fence":39,"sophisticatedbackpacks:diamond_backpack":1,"minecraft:iron_ingot":99,"ars_nouveau:scribes_table":2,"minecraft:oak_door":6,"mca:blueprint":1,"minecraft:redstone":18,"ars_nouveau:magebloom_fiber":32,"minecraft:furnace":4,"minecraft:blast_furnace":1,"apotheosis:salvaging_table":1,"quark:framed_glass":8,"ars_nouveau:archwood_slab":24,"minecraft:flint_and_steel":2,"vampirism:injection_empty":1,"apotheosis:potion_charm":2,"minecraft:polished_deepslate":1292,"minecraft:iron_axe":3,"minecraft:netherite_scrap":8,"quark:birch_bookshelf":1,"sophisticatedbackpacks:iron_backpack":1,"minecraft:cooked_beef":30,"minecraft:sugar":4,"ars_nouveau:source_gem":48,"minecraft:diamond_sword":2,"ars_nouveau:imbuement_chamber":3,"minecraft:powered_rail":6,"minecraft:iron_sword":2,"minecraft:cooked_salmon":10,"scalinghealth:heart_crystal":8,"minecraft:bucket":1,"apotheosis:gem_fused_slate":8,"minecraft:air":0,"minecraft:bread":156,"minecraft:blue_dye":1,"minecraft:oak_boat":4,"minecraft:gold_nugget":153,"minecraft:anvil":1,"ars_nouveau:alteration_table":1,"minecraft:torch":128,"minecraft:carrot":45,"mca:wedding_ring":2,"minecraft:diamond_chestplate":1},"minecraft:killed":{"vampirism:vampire":28,"minecraft:cave_spider":5,"vampirism:advanced_vampire":2,"born_in_chaos_v1:restless_spirit":4,"born_in_chaos_v1:zombie_lumberjack":1,"born_in_chaos_v1:skeleton_demoman":1,"minecraft:skeleton":188,"vampirism:blinding_bat":1,"minecraft:chicken":29,"born_in_chaos_v1:skeleton_thrasher":1,"minecraft:magma_cube":10,"born_in_chaos_v1:bone_imp":5,"minecraft:salmon":12,"minecraft:iron_golem":1,"minecraft:zombie":55,"born_in_chaos_v1:corpse_fly":3,"minecraft:cow":17,"mowziesmobs:naga":2,"mca:male_zombie_villager":1,"minecraft:vindicator":2,"born_in_chaos_v1:firelight":2,"born_in_chaos_v1:dire_hound_leader":1,"cataclysm:deepling_angler":1,"minecraft:husk":1,"born_in_chaos_v1:decrepit_skeleton":5,"minecraft:enderman":20,"minecraft:zombified_piglin":1,"minecraft:spider":11,"grimoireofgaia:minotaurus":1,"irons_spellbooks:summoned_skeleton":1,"minecraft:piglin_brute":1,"minecraft:piglin":1,"minecraft:pig":15,"minecraft:creeper":5,"vampirism:hunter":4,"minecraft:sheep":28,"born_in_chaos_v1:dread_hound":2,"grimoireofgaia:harpy":3,"minecraft:stray":145,"minecraft:ghast":9,"mowziesmobs:umvuthana_raptor":1,"minecraft:blaze":9,"irons_spellbooks:summoned_zombie":4,"grimoireofgaia:succubus":3,"minecraft:phantom":18,"cataclysm:lionfish":1,"born_in_chaos_v1:corpse_fish":2,"born_in_chaos_v1:baby_skeleton":2,"quark:foxhound":9,"minecraft:bat":1,"mowziesmobs:umvuthana_follower_raptor":3,"minecraft:squid":1,"born_in_chaos_v1:decaying_zombie":1,"grimoireofgaia:wither_cow":1,"minecraft:wither_skeleton":80},"minecraft:mined":{"minecraft:white_bed":6,"minecraft:obsidian":1,"apotheosis:hellshelf":19,"vampirism:hunter_table":1,"apotheosis:simple_reforging_table":1,"minecraft:nether_wart":10,"minecraft:oxeye_daisy":5,"minecraft:spawner":46,"minecraft:polished_blackstone_bricks":28,"minecraft:magma_block":2,"minecraft:mossy_cobblestone_stairs":1,"minecraft:cobbled_deepslate":15,"minecraft:fire":26,"minecraft:fletching_table":10,"minecraft:deepslate_lapis_ore":1,"minecraft:enchanting_table":1,"minecraft:dirt_path":1,"scalinghealth:deepslate_power_crystal_ore":7,"minecraft:potted_brown_mushroom":1,"minecraft:smoker":5,"minecraft:crimson_nylium":1,"ars_nouveau:light_block":8,"minecraft:soul_fire":66,"minecraft:amethyst_cluster":13,"scalinghealth:deepslate_heart_crystal_ore":6,"minecraft:torch":41,"minecraft:blast_furnace":3,"minecraft:melon":6,"minecraft:glass":1,"minecraft:sugar_cane":7,"minecraft:damaged_anvil":1,"minecraft:crimson_stairs":4,"minecraft:amethyst_block":116,"minecraft:skeleton_skull":6,"minecraft:chain":1,"minecraft:wheat":16,"minecraft:stone_brick_stairs":2,"minecraft:grass":49,"minecraft:smooth_basalt":8,"minecraft:deepslate":72,"minecraft:suspicious_gravel":1,"minecraft:mossy_cobblestone":1,"minecraft:jack_o_lantern":1,"minecraft:red_mushroom":1,"minecraft:mossy_stone_brick_stairs":2,"minecraft:vine":3,"irons_spellbooks:inscription_table":1,"minecraft:smithing_table":1,"minecraft:glass_pane":1,"minecraft:soul_sand":2,"minecraft:dandelion":15,"minecraft:cornflower":1,"ars_nouveau:purple_archwood_sapling":1,"minecraft:tall_grass":6,"ars_nouveau:source_jar":7,"minecraft:deepslate_gold_ore":3,"ars_nouveau:arcane_pedestal":6,"minecraft:zombie_head":8,"minecraft:sunflower":8,"minecraft:gravel":166,"minecraft:cobweb":37,"minecraft:polished_blackstone":6,"minecraft:stone_bricks":4,"ars_nouveau:imbuement_chamber":2,"minecraft:fern":1,"minecraft:large_amethyst_bud":2,"minecraft:stone_pressure_plate":4,"minecraft:spruce_planks":4,"minecraft:oak_sapling":1,"minecraft:brewing_stand":3,"minecraft:budding_amethyst":3,"minecraft:grass_block":11,"minecraft:cracked_polished_blackstone_bricks":1,"minecraft:soul_soil":2,"minecraft:polished_blackstone_brick_slab":4,"minecraft:composter":1,"quark:blaze_lantern":2,"minecraft:glowstone":2,"minecraft:iron_ore":11,"minecraft:anvil":1,"minecraft:pointed_dripstone":8,"minecraft:iron_bars":3,"minecraft:polished_blackstone_wall":1,"minecraft:quartz_block":10,"minecraft:blackstone":3,"minecraft:twisting_vines_plant":1,"minecraft:calcite":11,"minecraft:poppy":1,"minecraft:nether_quartz_ore":669,"minecraft:cobblestone":4,"minecraft:grindstone":3,"minecraft:oak_planks":12,"minecraft:iron_door":6,"minecraft:wall_torch":21,"minecraft:stone_stairs":1,"ars_nouveau:archwood_planks":4,"vampirism:med_chair":1,"minecraft:tnt":75,"minecraft:oak_log":89,"minecraft:dirt":11,"minecraft:netherrack":270,"minecraft:ancient_debris":8,"minecraft:oak_leaves":6,"minecraft:nether_gold_ore":67,"vampirism:dark_stone_bricks":1,"minecraft:tuff":3,"ars_nouveau:archwood_chest":4,"minecraft:deepslate_diamond_ore":85,"minecraft:candle":21,"minecraft:oak_door":2,"gravestone:gravestone":3,"ars_nouveau:volcanic_sourcelink":2,"minecraft:hay_block":39,"ars_nouveau:magebloom_crop":1,"minecraft:furnace":3,"minecraft:gold_block":1,"minecraft:polished_deepslate":46,"minecraft:bookshelf":44,"minecraft:deepslate_iron_ore":7,"minecraft:lantern":2,"minecraft:stone":28,"ars_nouveau:purple_archwood_log":499,"minecraft:crafting_table":8,"minecraft:blackstone_slab":3,"minecraft:sculk_sensor":2,"minecraft:lectern":13,"minecraft:polished_blackstone_brick_stairs":4,"vampirism:cracked_dark_stone_bricks":1,"minecraft:sculk":1,"minecraft:lime_bed":2,"minecraft:polished_blackstone_slab":1,"minecraft:polished_blackstone_stairs":4,"ars_nouveau:purple_archwood_leaves":7,"minecraft:yellow_bed":4,"minecraft:coal_ore":12,"minecraft:cracked_stone_bricks":5,"minecraft:mossy_stone_bricks":3},"minecraft:dropped":{"minecraft:iron_sword":3,"ars_nouveau:novice_spell_book":1,"minecraft:lapis_lazuli":2,"minecraft:glass_bottle":1,"minecraft:diamond":7,"minecraft:crafting_table":1,"ars_nouveau:abjuration_essence":1,"minecraft:cracked_stone_bricks":1,"epicfight:stray_hat":21,"minecraft:leather_helmet":5,"minecraft:red_mushroom":1,"born_in_chaos_v1:monster_flesh":1,"minecraft:dirt":212,"minecraft:birch_fence":10,"minecraft:chain":1,"minecraft:gold_nugget":13,"minecraft:sunflower":8,"minecraft:phantom_membrane":13,"minecraft:sand":3,"scalinghealth:chance_heart":10,"minecraft:sugar":2,"minecraft:iron_pickaxe":1,"spartanweaponry:iron_dagger":1,"minecraft:white_wool":2,"minecraft:bone":726,"minecraft:oak_door":2,"minecraft:stone_axe":4,"minecraft:sugar_cane":12,"minecraft:iron_nugget":22,"ars_nouveau:apprentice_spell_book":1,"minecraft:golden_chestplate":11,"minecraft:cobbled_deepslate":96,"minecraft:wheat":2,"minecraft:obsidian":2,"minecraft:rotten_flesh":21,"minecraft:oak_planks":35,"minecraft:glowstone_dust":2,"minecraft:firework_star":1,"minecraft:tipped_arrow":33,"vampirism:vampire_fang":10,"quark:hollow_oak_log":4,"minecraft:quartz_block":1,"apotheosis:gem":2,"minecraft:leather_boots":11,"farmersdelight:rope":2,"minecraft:leather_leggings":3,"mca:book_infection":1,"minecraft:egg":1,"minecraft:enchanted_book":2,"minecraft:golden_boots":8,"minecraft:iron_ingot":3,"minecraft:wheat_seeds":10,"minecraft:clock":3,"minecraft:polished_blackstone":3,"minecraft:iron_helmet":10,"minecraft:cobblestone":87,"epicfight:stone_spear":1,"ars_nouveau:purple_archwood_log":269,"minecraft:polished_blackstone_button":1,"minecraft:chainmail_helmet":4,"minecraft:coal":23,"minecraft:polished_blackstone_stairs":1,"minecraft:crimson_stairs":4,"minecraft:potion":1,"minecraft:chainmail_leggings":6,"minecraft:string":13,"minecraft:soul_soil":30,"minecraft:stone_sword":8,"born_in_chaos_v1:rotten_fish":1,"minecraft:iron_boots":9,"minecraft:nether_bricks":1,"minecraft:spruce_planks":2,"minecraft:diamond_pickaxe":2,"minecraft:stone_pressure_plate":1,"minecraft:spider_eye":4,"minecraft:stone_bricks":7,"minecraft:bow":24,"minecraft:magma_block":2,"scalinghealth:bandages":13,"epicfight:skillbook":23,"minecraft:nether_brick_stairs":3,"ars_nouveau:air_essence":1,"minecraft:soul_sand":31,"grimoireofgaia:withered_brain":3,"minecraft:oak_log":2,"minecraft:large_amethyst_bud":1,"minecraft:baked_potato":3,"epicfight:diamond_longsword":1,"relics:jellyfish_necklace":1,"minecraft:lantern":1,"minecraft:leather":6,"minecraft:polished_blackstone_brick_wall":2,"minecraft:birch_slab":2,"minecraft:flint":1,"mowziesmobs:naga_fang":1,"minecraft:cracked_polished_blackstone_bricks":1,"minecraft:dark_oak_log":3,"minecraft:polished_blackstone_brick_stairs":3,"minecraft:cornflower":1,"gravestone:obituary":2,"minecraft:polished_blackstone_bricks":24,"epicfight:stray_robe":20,"minecraft:gravel":132,"minecraft:blackstone":31,"born_in_chaos_v1:fire_dust":1,"ars_nouveau:purple_archwood_sapling":18,"born_in_chaos_v1:ethereal_spirit":2,"minecraft:beetroot":4,"vampirism:blood_bottle":2,"minecraft:cooked_mutton":12,"minecraft:chainmail_chestplate":5,"minecraft:poppy":1,"minecraft:leather_chestplate":1,"quark:blaze_lantern":1,"minecraft:gunpowder":13,"born_in_chaos_v1:corpse_maggot":1,"minecraft:beetroot_seeds":6,"minecraft:chainmail_boots":3,"minecraft:blackstone_slab":5,"minecraft:basalt":2,"minecraft:arrow":637,"minecraft:powered_rail":1,"minecraft:quartz":3,"minecraft:netherrack":1227,"minecraft:water_bucket":1,"minecraft:bread":1,"minecraft:golden_helmet":5,"minecraft:lead":1,"scalinghealth:heart_crystal_shard":8,"minecraft:stick":96,"mca:book_romance":1,"minecraft:diorite":25,"minecraft:brewing_stand":1,"minecraft:torch":7,"minecraft:melon_slice":31,"minecraft:iron_door":1,"minecraft:iron_leggings":11,"epicfight:stone_greatsword":2,"minecraft:polished_blackstone_brick_slab":5,"irons_spellbooks:frozen_bone":350,"minecraft:bucket":2,"epicfight:stray_pants":19,"ars_nouveau:wilden_wing":3,"minecraft:redstone_block":12,"minecraft:dandelion":3,"minecraft:smooth_basalt":4,"minecraft:redstone":225,"minecraft:blaze_rod":8,"minecraft:raw_copper":8,"ars_nouveau:archwood_planks":2,"minecraft:tuff":142,"iceandfire:witherbone":13,"minecraft:raw_iron":1,"minecraft:flint_and_steel":1,"minecraft:shield":4,"minecraft:diamond_chestplate":1,"mowziesmobs:umvuthana_mask_misery":2,"minecraft:iron_chestplate":4,"minecraft:andesite":18,"minecraft:mossy_stone_bricks":1,"minecraft:golden_leggings":2,"minecraft:oak_boat":1,"minecraft:oak_sapling":50,"minecraft:diamond_boots":1,"minecraft:slime_ball":3,"minecraft:calcite":4},"minecraft:picked_up":{"minecraft:iron_chestplate":7,"minecraft:chainmail_boots":3,"minecraft:flower_pot":1,"minecraft:anvil":1,"minecraft:smithing_table":1,"minecraft:lead":5,"minecraft:diamond_sword":4,"minecraft:enchanted_book":1,"minecraft:infested_stone":25,"minecraft:brewing_stand":4,"minecraft:golden_sword":1,"minecraft:amethyst_block":297,"ars_nouveau:belt_of_levitation":2,"minecraft:polished_deepslate":99,"minecraft:polished_blackstone_brick_stairs":3,"minecraft:string":70,"minecraft:soul_soil":30,"minecraft:beetroot":4,"vampirism:obi_belt":1,"minecraft:diamond_leggings":4,"minecraft:gold_nugget":829,"minecraft:cobbled_deepslate":4519,"minecraft:spruce_planks":3,"irons_spellbooks:blank_rune":1,"minecraft:melon_slice":62,"minecraft:golden_helmet":7,"minecraft:polished_blackstone_brick_slab":5,"minecraft:polished_blackstone_stairs":2,"ars_nouveau:ring_of_greater_discount":2,"minecraft:golden_chestplate":11,"vampirism:hunter_table":1,"minecraft:stone_sword":8,"vampirism:blood_bottle":2,"grimoireofgaia:box_nether":1,"ars_nouveau:apprentice_spell_book":1,"ars_nouveau:imbuement_chamber":2,"farmersdelight:rope":2,"minecraft:bookshelf":6,"minecraft:blaze_rod":22,"epicfight:stray_robe":20,"quark:blaze_lantern":2,"minecraft:iron_bars":4,"minecraft:birch_log":31,"minecraft:magma_block":2,"minecraft:feather":38,"minecraft:cooked_beef":80,"vampirism:med_chair":2,"minecraft:iron_door":3,"minecraft:birch_slab":2,"minecraft:water_bucket":2,"minecraft:smoker":5,"minecraft:flint":41,"ars_nouveau:magebloom":19,"relics:jellyfish_necklace":1,"minecraft:lantern":3,"ars_nouveau:amulet_of_mana_boost":2,"minecraft:large_amethyst_bud":1,"minecraft:diamond_helmet":1,"minecraft:glowstone_dust":14,"mca:wedding_ring_rg":1,"ars_nouveau:glyph_bounce":1,"scalinghealth:enchanted_heart":5,"minecraft:ink_sac":1,"minecraft:trapped_chest":1,"minecraft:dark_oak_log":3,"grimoireofgaia:fireshard":4,"cataclysm:lionfish":1,"minecraft:polished_andesite":4,"minecraft:writable_book":1,"ars_nouveau:glyph_summon_steed":1,"minecraft:granite":36,"minecraft:chainmail_helmet":4,"minecraft:bread":9,"minecraft:jack_o_lantern":1,"born_in_chaos_v1:rotten_fish":1,"minecraft:diamond_pickaxe":3,"sophisticatedbackpacks:gold_backpack":1,"minecraft:crafting_table":11,"iceandfire:witherbone":58,"minecraft:nether_wart":52,"minecraft:leather_leggings":4,"gravestone:obituary":1,"epicfight:stray_pants":19,"minecraft:cornflower":3,"apotheosis:simple_reforging_table":1,"epicfight:stray_hat":21,"minecraft:cracked_stone_bricks":7,"minecraft:deepslate_diamond_ore":24,"minecraft:beef":30,"minecraft:poppy":2,"minecraft:iron_nugget":17,"irons_spellbooks:emerald_stoneplate_ring":1,"minecraft:spruce_slab":1,"minecraft:egg":19,"ars_nouveau:thread_heights":1,"ars_nouveau:purple_archwood_log":583,"minecraft:oak_door":3,"ars_nouveau:air_essence":7,"sophisticatedbackpacks:crafting_upgrade":1,"minecraft:amethyst_cluster":6,"born_in_chaos_v1:pieceofdarkmetal":2,"minecraft:carrot":191,"minecraft:redstone":377,"mca:book_blueprint":1,"minecraft:tnt":73,"minecraft:diamond_chestplate":2,"minecraft:beetroot_seeds":6,"minecraft:diamond_boots":2,"minecraft:hay_block":42,"minecraft:gold_ingot":38,"minecraft:polished_blackstone":3,"minecraft:mutton":40,"minecraft:white_wool":26,"minecraft:bone_block":24,"minecraft:oxeye_daisy":5,"minecraft:lime_bed":1,"apotheosis:hellshelf":19,"vampirism:vampire_blood_bottle":10,"born_in_chaos_v1:monster_flesh":2,"minecraft:blackstone_slab":5,"ars_nouveau:battlemage_robes":1,"minecraft:red_mushroom":2,"ars_nouveau:glyph_leap":1,"ars_nouveau:wilden_wing":3,"minecraft:oak_log":337,"scalinghealth:bandages":17,"minecraft:ancient_debris":8,"minecraft:golden_boots":8,"ars_nouveau:glyph_accelerate":1,"minecraft:spawner":19,"minecraft:apple":9,"minecraft:stone_bricks":10,"vampirism:cracked_dark_stone_bricks":1,"scalinghealth:power_crystal_shard":16,"apotheosis:gem_dust":2,"minecraft:iron_sword":4,"minecraft:polished_andesite_stairs":1,"minecraft:smooth_basalt":12,"ars_nouveau:source_jar":7,"epicfight:stone_greatsword":2,"born_in_chaos_v1:ethereal_spirit":9,"minecraft:gravel":276,"minecraft:crimson_stairs":4,"minecraft:leather_helmet":5,"epicfight:diamond_longsword":1,"ars_nouveau:volcanic_sourcelink":2,"ars_nouveau:battlemage_leggings":1,"minecraft:slime_ball":4,"minecraft:stone_axe":4,"ars_nouveau:source_gem_block":24,"minecraft:diamond_axe":1,"minecraft:polished_blackstone_brick_wall":2,"minecraft:baked_potato":4,"mca:book_infection":1,"minecraft:ender_pearl":31,"ars_nouveau:magebloom_crop":5,"irons_spellbooks:scroll":3,"minecraft:wheat":77,"minecraft:redstone_block":11,"quark:hollow_oak_log":4,"minecraft:potion":7,"minecraft:stone_brick_stairs":9,"ars_nouveau:glyph_craft":2,"minecraft:raw_copper":18,"minecraft:iron_leggings":13,"minecraft:zombie_head":8,"irons_spellbooks:arcane_essence":3,"minecraft:calcite":15,"minecraft:iron_pickaxe":1,"apotheosis:ender_lead":1,"irons_spellbooks:inscription_table":1,"minecraft:iron_boots":10,"minecraft:furnace":3,"minecraft:tipped_arrow":128,"minecraft:stick":152,"apotheosis:gem":35,"ars_nouveau:enchanters_shield":1,"minecraft:oak_fence":7,"minecraft:torch":124,"epicfight:skillbook":30,"minecraft:porkchop":31,"ars_nouveau:archwood_chest":4,"vampirism:vampire_fang":14,"minecraft:pointed_dripstone":18,"minecraft:diorite":31,"minecraft:quartz_block":8,"etched:etched_music_disc":2,"minecraft:rotten_flesh":58,"ars_nouveau:arcanist_leggings":1,"irons_spellbooks:arcane_debris":8,"minecraft:obsidian":110,"ars_nouveau:alteration_table":1,"minecraft:blaze_powder":3,"minecraft:cobblestone":562,"minecraft:enchanting_table":1,"minecraft:leather_chestplate":2,"epicfight:stone_spear":1,"minecraft:magma_cream":3,"minecraft:andesite":26,"minecraft:golden_leggings":2,"minecraft:tuff":331,"minecraft:wither_skeleton_skull":2,"ars_nouveau:glyph_amplify":1,"minecraft:lapis_lazuli":262,"minecraft:dirt":511,"minecraft:leather_boots":12,"minecraft:glass":1,"minecraft:bone":958,"minecraft:bow":26,"minecraft:wheat_seeds":121,"ars_nouveau:source_gem":20,"minecraft:raw_gold":56,"minecraft:grindstone":3,"minecraft:mossy_stone_bricks":5,"minecraft:fletching_table":10,"ars_nouveau:glyph_extend_time":1,"minecraft:oak_planks":61,"minecraft:mossy_stone_brick_stairs":2,"minecraft:ghast_tear":21,"irons_spellbooks:frozen_bone":418,"ars_nouveau:glyph_ignite":1,"minecraft:sand":67,"minecraft:nether_brick_stairs":3,"minecraft:grass_block":1,"minecraft:diamond_block":1,"minecraft:lily_of_the_valley":1,"minecraft:mossy_cobblestone":1,"minecraft:skeleton_spawn_egg":1,"born_in_chaos_v1:fire_dust":4,"minecraft:diamond":129,"minecraft:polished_blackstone_button":2,"waystones:waystone":3,"grimoireofgaia:withered_brain":3,"minecraft:cracked_polished_blackstone_bricks":1,"minecraft:spruce_sign":1,"minecraft:emerald":96,"scalinghealth:cursed_heart":2,"minecraft:oak_sapling":113,"ars_nouveau:arcane_pedestal":8,"minecraft:netherrack":1379,"mca:bouquet":1,"minecraft:chicken":27,"minecraft:brown_mushroom":1,"minecraft:gold_block":3,"minecraft:chain":1,"minecraft:shield":7,"ars_nouveau:archwood_planks":7,"minecraft:stone_stairs":1,"minecraft:wooden_sword":1,"minecraft:birch_fence":7,"minecraft:blackstone":31,"minecraft:candle":108,"scalinghealth:chance_heart":14,"minecraft:oak_boat":4,"minecraft:light_gray_wool":2,"minecraft:lectern":13,"minecraft:sugar_cane":34,"minecraft:spruce_trapdoor":6,"minecraft:phantom_membrane":14,"minecraft:raw_iron":88,"minecraft:polished_blackstone_bricks":24,"ars_nouveau:purple_archwood_sapling":74,"minecraft:stone_pressure_plate":1,"minecraft:arrow":875,"minecraft:nether_bricks":65,"ars_nouveau:ring_of_lesser_discount":1,"ars_nouveau:abjuration_essence":1,"minecraft:skeleton_skull":7,"born_in_chaos_v1:corpse_maggot":1,"mowziesmobs:umvuthana_mask_fury":1,"minecraft:air":0,"minecraft:basalt":2,"ars_nouveau:arcanist_hood":1,"minecraft:salmon":10,"minecraft:leather":38,"minecraft:chainmail_chestplate":5,"minecraft:yellow_bed":3,"minecraft:gunpowder":21,"minecraft:cobblestone_stairs":1,"scalinghealth:heart_crystal":20,"mca:book_romance":1,"minecraft:cooked_mutton":5,"minecraft:iron_ingot":10,"minecraft:cooked_chicken":9,"mowziesmobs:umvuthana_mask_misery":3,"minecraft:soul_sand":71,"minecraft:book":167,"scalinghealth:heart_crystal_shard":116,"minecraft:nether_quartz_ore":3,"mca:engagement_ring_rg":1,"minecraft:quartz":1877,"ars_nouveau:battlemage_boots":2,"minecraft:dandelion":18,"ars_nouveau:novice_spell_book":1,"minecraft:lava_bucket":1,"ars_nouveau:bastion_pod":6,"minecraft:amethyst_shard":38,"minecraft:blast_furnace":3,"minecraft:white_bed":5,"ars_nouveau:music_disc_thistle_the_sound_of_glass":1,"minecraft:spider_eye":7,"ars_nouveau:glyph_light":1,"mowziesmobs:naga_fang":1,"minecraft:chainmail_leggings":7,"minecraft:iron_helmet":11,"ars_nouveau:glyph_aoe":1,"minecraft:mossy_cobblestone_stairs":1,"minecraft:netherite_hoe":1,"minecraft:damaged_anvil":1,"minecraft:black_wool":2,"minecraft:coal":472,"minecraft:sunflower":8},"minecraft:killed_by":{"grimoireofgaia:harpy":1,"minecraft:player":2,"irons_spellbooks:necromancer":1}},"DataVersion":3465}