{"stats":{"minecraft:picked_up":{"irons_spellbooks:scroll":7,"ars_nouveau:caster_tome":4,"minecraft:iron_chestplate":1,"minecraft:wheat":66,"minecraft:lead":5,"quark:hollow_oak_log":4,"minecraft:oak_stairs":52,"ars_nouveau:ritual_moonfall":1,"minecraft:potion":1,"minecraft:stone_brick_stairs":7,"minecraft:infested_stone":25,"minecraft:brewing_stand":1,"minecraft:amethyst_block":126,"ars_nouveau:glyph_craft":2,"minecraft:string":28,"minecraft:raw_copper":18,"minecraft:iron_leggings":1,"minecraft:beetroot":4,"vampirism:obi_belt":1,"irons_spellbooks:arcane_essence":26,"minecraft:gold_nugget":62,"minecraft:cobbled_deepslate":301,"minecraft:spruce_planks":3,"minecraft:white_tulip":4,"minecraft:calcite":12,"irons_spellbooks:blank_rune":1,"apotheosis:ender_lead":1,"irons_spellbooks:inscription_table":1,"minecraft:iron_boots":1,"minecraft:furnace":1,"minecraft:tipped_arrow":4,"minecraft:golden_helmet":1,"minecraft:stick":118,"apotheosis:gem":21,"minecraft:oak_fence":29,"minecraft:torch":116,"epicfight:skillbook":3,"minecraft:porkchop":39,"vampirism:vampire_fang":13,"minecraft:diorite":7,"vampirism:hunter_table":1,"minecraft:quartz_block":1,"vampirism:blood_bottle":2,"minecraft:rotten_flesh":45,"ars_nouveau:arcane_core":1,"ars_nouveau:arcanist_leggings":1,"ars_nouveau:imbuement_chamber":4,"minecraft:obsidian":52,"minecraft:iron_bars":4,"minecraft:blaze_powder":2,"minecraft:cobblestone":390,"minecraft:birch_log":31,"ars_nouveau:glyph_explosion":1,"minecraft:magma_block":1,"minecraft:leather_chestplate":1,"minecraft:feather":20,"vampirism:med_chair":1,"minecraft:birch_slab":2,"minecraft:water_bucket":1,"minecraft:andesite":43,"ars_nouveau:magebloom":9,"minecraft:smoker":3,"minecraft:flint":23,"minecraft:tuff":20,"relics:jellyfish_necklace":1,"ars_nouveau:glyph_amplify":1,"minecraft:lapis_lazuli":201,"minecraft:dirt":317,"minecraft:lantern":2,"ars_nouveau:arcanist_robes":1,"minecraft:leather_boots":1,"minecraft:bone":21,"minecraft:bow":2,"ars_nouveau:source_gem":5,"minecraft:wheat_seeds":121,"minecraft:raw_gold":48,"minecraft:grindstone":1,"minecraft:fletching_table":8,"minecraft:oak_planks":118,"irons_spellbooks:frozen_bone":12,"ars_nouveau:glyph_ignite":1,"vampirism:ring":1,"minecraft:sand":65,"minecraft:ink_sac":3,"minecraft:grass_block":1,"minecraft:lily_of_the_valley":1,"minecraft:trapped_chest":1,"cataclysm:lionfish":1,"minecraft:polished_andesite":1,"minecraft:diamond":25,"irons_spellbooks:divine_pearl":1,"minecraft:writable_book":1,"ars_nouveau:glyph_summon_steed":1,"minecraft:granite":6,"scalinghealth:cursed_heart":1,"minecraft:bread":9,"minecraft:oak_sapling":131,"irons_spellbooks:uncommon_ink":7,"minecraft:netherrack":38,"ars_nouveau:arcane_pedestal":10,"iceandfire:raw_silver":1,"minecraft:crafting_table":11,"minecraft:chicken":23,"minecraft:turtle_helmet":1,"minecraft:leather_leggings":1,"minecraft:cornflower":2,"ars_nouveau:archwood_planks":3,"minecraft:moss_carpet":4,"minecraft:birch_fence":7,"minecraft:cracked_stone_bricks":5,"minecraft:candle":14,"vampirism:totem_base":1,"ars_nouveau:starbuncle_shards":2,"minecraft:beef":33,"ars_nouveau:ritual_containment":1,"minecraft:iron_nugget":8,"minecraft:poppy":1,"minecraft:light_gray_wool":2,"minecraft:spruce_slab":1,"minecraft:lectern":12,"minecraft:sugar_cane":14,"minecraft:birch_sapling":1,"ars_nouveau:fire_essence":6,"minecraft:phantom_membrane":1,"minecraft:spruce_trapdoor":6,"minecraft:egg":15,"minecraft:raw_iron":160,"ars_nouveau:purple_archwood_log":483,"minecraft:oak_door":5,"ars_nouveau:purple_archwood_sapling":52,"minecraft:carrot":23,"ars_nouveau:ritual_wilden_summon":1,"minecraft:redstone":197,"minecraft:tnt":4,"ars_nouveau:enchanting_apparatus":1,"minecraft:arrow":21,"minecraft:beetroot_seeds":7,"minecraft:hay_block":40,"minecraft:mutton":43,"minecraft:bone_block":24,"minecraft:skeleton_skull":2,"minecraft:white_wool":28,"ars_nouveau:arcanist_hood":1,"vampirism:vampire_blood_bottle":15,"minecraft:salmon":10,"minecraft:leather":22,"ars_nouveau:wilden_wing":1,"minecraft:oak_log":553,"scalinghealth:bandages":2,"minecraft:yellow_bed":1,"minecraft:gunpowder":9,"minecraft:cobblestone_stairs":1,"scalinghealth:heart_crystal":6,"mca:book_romance":1,"ars_nouveau:arcanist_boots":1,"minecraft:cooked_mutton":5,"irons_spellbooks:common_ink":8,"vampirism:human_heart":1,"minecraft:apple":13,"minecraft:stone_bricks":6,"vampirism:cracked_dark_stone_bricks":1,"minecraft:iron_ingot":6,"quark:glow_shroom":6,"minecraft:cooked_chicken":6,"scalinghealth:power_crystal_shard":15,"minecraft:iron_sword":1,"minecraft:book":132,"minecraft:oak_slab":71,"minecraft:polished_andesite_stairs":1,"scalinghealth:heart_crystal_shard":69,"minecraft:smooth_basalt":12,"ars_nouveau:source_jar":4,"minecraft:quartz":123,"minecraft:dandelion":4,"ars_nouveau:novice_spell_book":1,"minecraft:gravel":139,"minecraft:crimson_stairs":4,"ars_nouveau:bastion_pod":6,"minecraft:amethyst_shard":76,"minecraft:blast_furnace":1,"minecraft:white_bed":1,"ars_nouveau:music_disc_thistle_the_sound_of_glass":1,"minecraft:spider_eye":7,"ars_nouveau:glyph_light":1,"minecraft:slime_ball":4,"ars_nouveau:source_gem_block":23,"ars_nouveau:glyph_aoe":1,"quark:hollow_birch_log":1,"minecraft:black_wool":2,"minecraft:coal":535,"ars_nouveau:magebloom_crop":13,"minecraft:ender_pearl":3},"minecraft:killed":{"vampirism:vampire":33,"minecraft:cave_spider":5,"vampirism:advanced_vampire":4,"minecraft:spider":14,"minecraft:skeleton":18,"vampirism:blinding_bat":2,"minecraft:bee":2,"minecraft:chicken":25,"irons_spellbooks:summoned_skeleton":1,"minecraft:pig":19,"minecraft:salmon":13,"minecraft:iron_golem":1,"irons_spellbooks:necromancer":1,"minecraft:creeper":9,"vampirism:hunter":5,"minecraft:sheep":31,"minecraft:zombie":57,"minecraft:stray":6,"minecraft:cow":14,"irons_spellbooks:summoned_zombie":5,"minecraft:vindicator":1,"minecraft:phantom":6,"cataclysm:lionfish":1,"cataclysm:deepling_angler":1,"ars_nouveau:drygmy":1,"quark:foxhound":1,"minecraft:bat":1,"minecraft:squid":1,"minecraft:enderman":7},"minecraft:used":{"minecraft:moss_carpet":2,"minecraft:polished_deepslate":1,"minecraft:spruce_slab":1,"ars_nouveau:magebloom_crop":13,"minecraft:shield":39,"minecraft:stone":9,"minecraft:iron_sword":593,"minecraft:rotten_flesh":4,"minecraft:carrot":18,"minecraft:tuff":5,"minecraft:milk_bucket":1,"minecraft:obsidian":12,"minecraft:bow":145,"minecraft:oak_sapling":7,"minecraft:furnace":3,"minecraft:skeleton_skull":2,"minecraft:potato":13,"spartanweaponry:iron_greatsword":25,"epicfight:skillbook":9,"minecraft:diorite":6,"minecraft:diamond_boots":1,"minecraft:oak_planks":347,"minecraft:stone_pickaxe":13,"minecraft:wooden_pickaxe":3,"epicfight:iron_longsword":259,"ars_nouveau:archwood_planks":5,"minecraft:blast_furnace":2,"vampirism:stake":137,"minecraft:birch_fence":36,"ars_nouveau:enchanting_apparatus":1,"relics:horse_flute":5,"ars_nouveau:purple_archwood_sapling":7,"spartanweaponry:iron_dagger":1,"minecraft:bread":119,"minecraft:lectern":10,"minecraft:gravel":44,"minecraft:chainmail_boots":1,"minecraft:grindstone":1,"minecraft:andesite":8,"vampirism:med_chair":2,"ars_nouveau:arcanist_robes":1,"minecraft:bone_meal":24,"minecraft:oak_fence":7,"quark:birch_chest":2,"minecraft:enchanting_table":1,"ars_nouveau:arcane_core":1,"ars_nouveau:arcanist_boots":1,"minecraft:cooked_salmon":8,"minecraft:cooked_chicken":14,"minecraft:oak_door":4,"minecraft:torch":229,"minecraft:dirt":100,"minecraft:anvil":2,"scalinghealth:heart_crystal":10,"minecraft:granite":4,"apotheosis:ender_lead":3,"minecraft:bookshelf":10,"minecraft:iron_axe":395,"ars_nouveau:imbuement_chamber":7,"scalinghealth:power_crystal":1,"minecraft:smooth_basalt":1,"minecraft:diamond_chestplate":1,"minecraft:light_gray_wool":1,"ars_nouveau:arcanist_leggings":1,"farmersdelight:fried_egg":10,"minecraft:cobbled_deepslate":61,"minecraft:calcite":7,"minecraft:wheat_seeds":15,"minecraft:cooked_mutton":20,"minecraft:water_bucket":84,"minecraft:amethyst_block":16,"minecraft:birch_planks":1,"vampirism:item_garlic":4,"minecraft:fletching_table":9,"minecraft:crafting_table":17,"vampirism:hunter_table":1,"minecraft:white_bed":7,"minecraft:smoker":4,"minecraft:wooden_hoe":33,"minecraft:diamond_shovel":164,"ars_nouveau:source_jar":6,"ars_nouveau:arcane_pedestal":18,"minecraft:iron_pickaxe":421,"ars_nouveau:volcanic_sourcelink":1,"minecraft:spruce_trapdoor":6,"minecraft:cobblestone":21,"minecraft:potion":2,"minecraft:porkchop":7,"minecraft:cooked_porkchop":23,"minecraft:bucket":85,"quark:oak_chest":10,"vampirism:totem_base":1,"ars_nouveau:scribes_table":1,"minecraft:candle":20},"minecraft:mined":{"minecraft:white_bed":1,"minecraft:spruce_planks":2,"minecraft:stone_pressure_plate":3,"minecraft:brewing_stand":1,"minecraft:grass_block":5,"vampirism:hunter_table":1,"minecraft:composter":1,"ars_nouveau:arcane_core":1,"minecraft:spawner":6,"minecraft:tall_seagrass":1,"minecraft:iron_ore":11,"minecraft:cobbled_deepslate":5,"minecraft:fire":10,"minecraft:fletching_table":8,"minecraft:deepslate_lapis_ore":17,"minecraft:dirt_path":1,"scalinghealth:deepslate_power_crystal_ore":7,"minecraft:iron_bars":1,"ars_nouveau:enchanting_apparatus":1,"minecraft:deepslate_redstone_ore":25,"minecraft:quartz_block":4,"minecraft:smoker":3,"ars_nouveau:light_block":2,"minecraft:amethyst_cluster":6,"scalinghealth:deepslate_heart_crystal_ore":6,"minecraft:torch":40,"minecraft:blast_furnace":1,"minecraft:calcite":11,"minecraft:cobblestone":3,"minecraft:sugar_cane":5,"minecraft:grindstone":1,"minecraft:oak_planks":8,"minecraft:iron_door":3,"minecraft:crimson_stairs":4,"minecraft:wall_torch":19,"minecraft:amethyst_block":116,"minecraft:wheat":15,"minecraft:tnt":4,"quark:glow_shroom":6,"minecraft:grass":80,"minecraft:oak_log":82,"minecraft:dirt":7,"minecraft:smooth_basalt":8,"minecraft:deepslate":71,"vampirism:dark_stone_bricks":1,"minecraft:tuff":2,"minecraft:deepslate_diamond_ore":6,"minecraft:candle":5,"minecraft:hay_block":39,"ars_nouveau:magebloom_crop":9,"minecraft:furnace":1,"minecraft:bookshelf":25,"minecraft:deepslate_iron_ore":11,"minecraft:vine":3,"minecraft:lantern":1,"irons_spellbooks:inscription_table":1,"minecraft:stone":25,"ars_nouveau:purple_archwood_log":209,"minecraft:glass_pane":1,"minecraft:dandelion":1,"minecraft:crafting_table":8,"minecraft:lectern":12,"minecraft:tall_grass":7,"ars_nouveau:source_jar":4,"minecraft:deepslate_gold_ore":19,"vampirism:cracked_dark_stone_bricks":1,"minecraft:lime_bed":1,"vampirism:totem_base":1,"ars_nouveau:arcane_pedestal":10,"minecraft:yellow_bed":2,"ars_nouveau:mage_block":4,"minecraft:coal_ore":12,"minecraft:gravel":166,"minecraft:cracked_stone_bricks":4,"minecraft:stone_bricks":3,"ars_nouveau:imbuement_chamber":4},"minecraft:dropped":{"minecraft:piston":3,"ars_nouveau:ritual_wilden_summon":1,"ars_nouveau:novice_spell_book":1,"minecraft:oak_log":47,"minecraft:glass_bottle":1,"minecraft:crafting_table":1,"relics:jellyfish_necklace":1,"minecraft:lantern":1,"minecraft:leather":4,"minecraft:birch_slab":2,"minecraft:dirt":36,"minecraft:birch_fence":10,"minecraft:cornflower":1,"ars_nouveau:fire_essence":1,"minecraft:gold_nugget":4,"minecraft:phantom_membrane":1,"minecraft:sand":1,"minecraft:iron_pickaxe":1,"spartanweaponry:iron_dagger":1,"minecraft:white_wool":1,"minecraft:bone":2,"minecraft:oak_door":5,"minecraft:gravel":17,"minecraft:compass":1,"minecraft:iron_nugget":15,"minecraft:cobbled_deepslate":1,"minecraft:obsidian":21,"minecraft:beetroot":4,"minecraft:rotten_flesh":16,"minecraft:oak_planks":92,"minecraft:cooked_mutton":12,"minecraft:firework_star":1,"minecraft:poppy":1,"minecraft:tipped_arrow":1,"quark:hollow_oak_log":4,"minecraft:beetroot_seeds":6,"minecraft:bread":1,"minecraft:oak_slab":71,"minecraft:wheat_seeds":9,"minecraft:tnt":3,"minecraft:oak_fence":22,"minecraft:lead":1,"minecraft:cobblestone":12,"scalinghealth:heart_crystal_shard":8,"ars_nouveau:purple_archwood_log":241,"minecraft:grass_block":1,"minecraft:stick":20,"minecraft:crimson_stairs":4,"mca:book_romance":1,"minecraft:torch":7,"minecraft:fire_charge":1,"minecraft:oak_stairs":52,"minecraft:potion":1,"minecraft:iron_leggings":1,"minecraft:string":7,"minecraft:bucket":2,"minecraft:dandelion":3,"minecraft:smooth_basalt":4,"minecraft:moss_carpet":2,"minecraft:tuff":4,"minecraft:iron_boots":1,"minecraft:flint_and_steel":1,"minecraft:spruce_planks":2,"minecraft:diamond_pickaxe":1,"minecraft:andesite":5,"minecraft:oak_sapling":22,"minecraft:spider_eye":4,"minecraft:stone_bricks":6,"minecraft:bow":2,"epicfight:skillbook":2},"minecraft:broken":{"minecraft:iron_axe":1,"epicfight:iron_longsword":1},"minecraft:crafted":{"minecraft:black_dye":3,"minecraft:smooth_stone":3,"minecraft:oak_planks":1812,"vampirism:injection_garlic":1,"quark:birch_chest":2,"ars_nouveau:archwood_planks":204,"minecraft:blaze_powder":2,"minecraft:cooked_chicken":15,"minecraft:birch_slab":6,"vampirism:med_chair":1,"minecraft:stone":12,"minecraft:bookshelf":10,"minecraft:cooked_mutton":27,"minecraft:quartz_block":30,"minecraft:glass":64,"minecraft:bow":1,"minecraft:iron_boots":1,"ars_nouveau:worn_notebook":1,"apotheosis:ender_lead":2,"vampirism:stake":5,"ars_nouveau:enchanting_apparatus":1,"ars_nouveau:apprentice_spell_book":1,"scalinghealth:power_crystal":1,"minecraft:smoker":1,"ars_nouveau:arcane_core":1,"sophisticatedbackpacks:backpack":1,"minecraft:arrow":48,"minecraft:emerald":112,"minecraft:cooked_porkchop":22,"minecraft:crafting_table":7,"minecraft:iron_helmet":1,"ars_nouveau:source_jar":2,"minecraft:fletching_table":1,"epicfight:iron_longsword":1,"minecraft:hay_block":9,"minecraft:birch_planks":124,"farmersdelight:fried_egg":17,"minecraft:lectern":1,"minecraft:iron_chestplate":1,"minecraft:wooden_hoe":1,"minecraft:diamond_pickaxe":1,"minecraft:charcoal":2,"minecraft:shield":1,"minecraft:birch_fence":39,"quark:oak_chest":11,"minecraft:stick":2920,"minecraft:compass":1,"minecraft:iron_ingot":159,"quark:framed_glass_pane":16,"minecraft:iron_pickaxe":1,"minecraft:iron_block":3,"minecraft:gold_ingot":67,"ars_nouveau:scribes_table":1,"minecraft:fire_charge":3,"ars_nouveau:arcane_pedestal":12,"minecraft:oak_door":6,"ars_nouveau:volcanic_sourcelink":1,"ars_nouveau:magebloom_fiber":36,"minecraft:furnace":4,"minecraft:blast_furnace":1,"minecraft:piston":3,"minecraft:bone_meal":24,"quark:framed_glass":8,"ars_nouveau:archwood_slab":18,"minecraft:flint_and_steel":2,"vampirism:injection_empty":1,"minecraft:lantern":1,"ars_nouveau:novice_spell_book":1,"minecraft:polished_deepslate":64,"minecraft:iron_axe":1,"minecraft:redstone_block":21,"quark:birch_bookshelf":1,"sophisticatedbackpacks:iron_backpack":1,"minecraft:wheat":273,"minecraft:cooked_beef":30,"minecraft:firework_star":1,"ars_nouveau:ritual_wilden_summon":1,"ars_nouveau:source_gem":40,"ars_nouveau:imbuement_chamber":3,"minecraft:enchanting_table":1,"minecraft:iron_sword":2,"minecraft:cooked_salmon":10,"sophisticatedbackpacks:gold_backpack":1,"scalinghealth:heart_crystal":4,"minecraft:enchanted_book":4,"minecraft:bread":96,"minecraft:air":0,"ars_nouveau:sourcestone":56,"minecraft:gold_nugget":54,"minecraft:iron_shovel":1,"minecraft:anvil":1,"minecraft:white_bed":7,"minecraft:torch":128,"minecraft:lapis_block":20,"apotheosis:broadhead_arrow":84},"minecraft:custom":{"minecraft:animals_bred":10,"minecraft:interact_with_crafting_table":161,"minecraft:open_barrel":54,"minecraft:leave_game":9,"minecraft:time_since_death":754897,"minecraft:damage_resisted":592,"minecraft:sprint_one_cm":2864996,"minecraft:damage_blocked_by_shield":3837,"minecraft:drop":123,"vampirism:interact_with_totem":3,"minecraft:talked_to_villager":8,"minecraft:play_time":758500,"minecraft:deaths":1,"minecraft:jump":6818,"minecraft:interact_with_brewingstand":1,"minecraft:walk_on_water_one_cm":135502,"minecraft:enchant_item":8,"minecraft:interact_with_furnace":65,"minecraft:traded_with_villager":117,"vampirism:interact_with_research_table":2,"minecraft:sleep_in_bed":9,"minecraft:waystone_activated":1,"minecraft:damage_dealt":57316,"minecraft:player_kills":1,"minecraft:crouch_one_cm":5476,"minecraft:interact_with_smoker":50,"minecraft:horse_one_cm":10363,"minecraft:interact_with_anvil":18,"minecraft:mob_kills":296,"vampirism:killed_with_stake":32,"minecraft:damage_dealt_resisted":3389,"minecraft:climb_one_cm":8181,"minecraft:walk_one_cm":3721886,"vampirism:skills_unlocked":3,"minecraft:damage_dealt_absorbed":534,"minecraft:sneak_time":4012,"minecraft:walk_under_water_one_cm":197376,"minecraft:interact_with_blast_furnace":16,"minecraft:total_world_time":758500,"vampirism:win_village_capture":4,"vampirism:interact_with_injection_chair":3,"minecraft:interact_with_grindstone":1,"minecraft:time_since_rest":167358,"minecraft:damage_taken":15422,"minecraft:trigger_trapped_chest":4,"minecraft:swim_one_cm":269451,"minecraft:fly_one_cm":2331025,"minecraft:open_chest":912,"vampirism:defend_village":4,"minecraft:fall_one_cm":131497}},"DataVersion":3465}