{"stats":{"minecraft:picked_up":{"irons_spellbooks:scroll":2,"minecraft:iron_chestplate":1,"minecraft:wheat":66,"minecraft:lead":5,"quark:hollow_oak_log":4,"minecraft:potion":1,"minecraft:stone_brick_stairs":7,"minecraft:infested_stone":25,"minecraft:brewing_stand":1,"minecraft:amethyst_block":116,"ars_nouveau:glyph_craft":2,"minecraft:string":27,"minecraft:raw_copper":10,"minecraft:iron_leggings":1,"minecraft:beetroot":4,"vampirism:obi_belt":1,"irons_spellbooks:arcane_essence":3,"minecraft:gold_nugget":62,"minecraft:cobbled_deepslate":301,"minecraft:spruce_planks":3,"minecraft:calcite":12,"irons_spellbooks:blank_rune":1,"apotheosis:ender_lead":1,"irons_spellbooks:inscription_table":1,"minecraft:furnace":1,"minecraft:tipped_arrow":3,"minecraft:golden_helmet":1,"minecraft:stick":94,"apotheosis:gem":17,"minecraft:oak_fence":7,"minecraft:torch":109,"minecraft:porkchop":32,"epicfight:skillbook":2,"vampirism:vampire_fang":12,"minecraft:diorite":7,"vampirism:hunter_table":1,"minecraft:quartz_block":1,"vampirism:blood_bottle":2,"minecraft:rotten_flesh":42,"minecraft:obsidian":52,"minecraft:iron_bars":4,"minecraft:blaze_powder":2,"minecraft:cobblestone":319,"minecraft:birch_log":31,"minecraft:magma_block":1,"minecraft:leather_chestplate":1,"minecraft:feather":20,"vampirism:med_chair":1,"minecraft:birch_slab":2,"minecraft:water_bucket":1,"minecraft:andesite":18,"minecraft:smoker":3,"minecraft:flint":23,"minecraft:tuff":20,"relics:jellyfish_necklace":1,"ars_nouveau:glyph_amplify":1,"minecraft:lantern":2,"minecraft:lapis_lazuli":201,"minecraft:dirt":193,"minecraft:leather_boots":1,"minecraft:bone":17,"minecraft:bow":2,"minecraft:wheat_seeds":115,"minecraft:raw_gold":48,"minecraft:grindstone":1,"minecraft:fletching_table":8,"minecraft:oak_planks":57,"irons_spellbooks:frozen_bone":9,"ars_nouveau:glyph_ignite":1,"vampirism:ring":1,"minecraft:sand":65,"minecraft:lily_of_the_valley":1,"minecraft:trapped_chest":1,"cataclysm:lionfish":1,"minecraft:polished_andesite":1,"minecraft:diamond":13,"minecraft:writable_book":1,"ars_nouveau:glyph_summon_steed":1,"minecraft:granite":6,"scalinghealth:cursed_heart":1,"minecraft:bread":9,"minecraft:oak_sapling":131,"minecraft:netherrack":38,"iceandfire:raw_silver":1,"minecraft:crafting_table":11,"minecraft:chicken":23,"minecraft:turtle_helmet":1,"minecraft:leather_leggings":1,"minecraft:cornflower":2,"ars_nouveau:archwood_planks":3,"minecraft:moss_carpet":4,"minecraft:birch_fence":7,"minecraft:cracked_stone_bricks":5,"minecraft:candle":14,"vampirism:totem_base":1,"minecraft:beef":30,"minecraft:iron_nugget":8,"minecraft:poppy":1,"minecraft:light_gray_wool":2,"minecraft:spruce_slab":1,"minecraft:lectern":12,"minecraft:sugar_cane":14,"minecraft:birch_sapling":1,"minecraft:spruce_trapdoor":6,"minecraft:egg":15,"minecraft:raw_iron":160,"ars_nouveau:purple_archwood_log":222,"minecraft:oak_door":1,"ars_nouveau:purple_archwood_sapling":18,"minecraft:carrot":23,"ars_nouveau:ritual_wilden_summon":1,"minecraft:redstone":197,"minecraft:tnt":4,"minecraft:arrow":21,"minecraft:beetroot_seeds":7,"minecraft:hay_block":40,"minecraft:mutton":40,"minecraft:bone_block":24,"minecraft:skeleton_skull":1,"minecraft:white_wool":25,"vampirism:vampire_blood_bottle":14,"minecraft:salmon":10,"minecraft:leather":20,"ars_nouveau:wilden_wing":1,"minecraft:oak_log":508,"minecraft:gunpowder":2,"minecraft:cobblestone_stairs":1,"scalinghealth:heart_crystal":4,"mca:book_romance":1,"minecraft:cooked_mutton":5,"minecraft:apple":13,"minecraft:stone_bricks":6,"vampirism:cracked_dark_stone_bricks":1,"minecraft:iron_ingot":6,"quark:glow_shroom":6,"minecraft:cooked_chicken":6,"scalinghealth:power_crystal_shard":15,"minecraft:iron_sword":1,"minecraft:book":132,"minecraft:polished_andesite_stairs":1,"scalinghealth:heart_crystal_shard":51,"minecraft:smooth_basalt":12,"minecraft:quartz":123,"minecraft:dandelion":4,"ars_nouveau:novice_spell_book":1,"minecraft:gravel":139,"minecraft:crimson_stairs":4,"ars_nouveau:bastion_pod":6,"minecraft:amethyst_shard":24,"minecraft:blast_furnace":1,"minecraft:white_bed":1,"ars_nouveau:music_disc_thistle_the_sound_of_glass":1,"minecraft:spider_eye":6,"ars_nouveau:glyph_light":1,"minecraft:slime_ball":4,"quark:hollow_birch_log":1,"minecraft:black_wool":2,"minecraft:coal":527,"minecraft:ender_pearl":2},"minecraft:killed":{"vampirism:vampire":32,"minecraft:cave_spider":5,"vampirism:advanced_vampire":4,"minecraft:spider":12,"minecraft:skeleton":17,"vampirism:blinding_bat":2,"minecraft:chicken":25,"irons_spellbooks:summoned_skeleton":1,"minecraft:pig":16,"minecraft:salmon":12,"minecraft:iron_golem":1,"minecraft:creeper":3,"vampirism:hunter":4,"minecraft:sheep":28,"minecraft:zombie":53,"minecraft:stray":6,"minecraft:cow":13,"irons_spellbooks:summoned_zombie":4,"minecraft:vindicator":1,"cataclysm:lionfish":1,"cataclysm:deepling_angler":1,"quark:foxhound":1,"minecraft:bat":1,"minecraft:enderman":6},"minecraft:used":{"minecraft:moss_carpet":2,"minecraft:spruce_slab":1,"minecraft:shield":36,"minecraft:iron_sword":515,"minecraft:rotten_flesh":4,"minecraft:carrot":18,"minecraft:tuff":5,"minecraft:milk_bucket":1,"minecraft:obsidian":12,"minecraft:bow":75,"minecraft:oak_sapling":7,"minecraft:furnace":3,"minecraft:skeleton_skull":1,"minecraft:potato":13,"spartanweaponry:iron_greatsword":25,"epicfight:skillbook":8,"minecraft:diorite":6,"minecraft:diamond_boots":1,"minecraft:oak_planks":347,"minecraft:stone_pickaxe":13,"minecraft:wooden_pickaxe":3,"epicfight:iron_longsword":259,"ars_nouveau:archwood_planks":5,"minecraft:blast_furnace":2,"vampirism:stake":135,"minecraft:birch_fence":36,"relics:horse_flute":5,"spartanweaponry:iron_dagger":1,"minecraft:bread":103,"minecraft:lectern":10,"minecraft:gravel":44,"minecraft:chainmail_boots":1,"minecraft:grindstone":1,"minecraft:andesite":8,"vampirism:med_chair":2,"minecraft:oak_fence":7,"quark:birch_chest":2,"minecraft:enchanting_table":1,"minecraft:cooked_chicken":14,"minecraft:oak_door":4,"minecraft:torch":229,"minecraft:dirt":81,"minecraft:anvil":2,"scalinghealth:heart_crystal":8,"minecraft:granite":4,"apotheosis:ender_lead":3,"minecraft:bookshelf":10,"minecraft:iron_axe":395,"scalinghealth:power_crystal":1,"minecraft:smooth_basalt":1,"minecraft:diamond_chestplate":1,"minecraft:light_gray_wool":1,"minecraft:cobbled_deepslate":61,"minecraft:calcite":7,"minecraft:wheat_seeds":15,"minecraft:cooked_mutton":19,"minecraft:water_bucket":84,"minecraft:amethyst_block":12,"minecraft:birch_planks":1,"vampirism:item_garlic":4,"minecraft:fletching_table":9,"minecraft:crafting_table":17,"vampirism:hunter_table":1,"minecraft:white_bed":7,"minecraft:smoker":4,"minecraft:wooden_hoe":33,"minecraft:diamond_shovel":164,"minecraft:iron_pickaxe":397,"minecraft:spruce_trapdoor":6,"minecraft:cobblestone":21,"minecraft:potion":2,"minecraft:porkchop":7,"minecraft:cooked_porkchop":23,"minecraft:bucket":84,"quark:oak_chest":10,"vampirism:totem_base":1,"ars_nouveau:scribes_table":1,"minecraft:candle":20},"minecraft:dropped":{"ars_nouveau:ritual_wilden_summon":1,"ars_nouveau:novice_spell_book":1,"minecraft:oak_log":2,"minecraft:glass_bottle":1,"minecraft:crafting_table":1,"relics:jellyfish_necklace":1,"minecraft:lantern":1,"minecraft:leather":4,"minecraft:birch_slab":2,"minecraft:dirt":36,"minecraft:birch_fence":10,"minecraft:cornflower":1,"minecraft:gold_nugget":4,"minecraft:sand":1,"minecraft:iron_pickaxe":1,"spartanweaponry:iron_dagger":1,"minecraft:white_wool":1,"minecraft:bone":2,"minecraft:oak_door":1,"minecraft:gravel":17,"minecraft:iron_nugget":15,"minecraft:cobbled_deepslate":1,"minecraft:obsidian":21,"minecraft:beetroot":4,"minecraft:rotten_flesh":13,"minecraft:oak_planks":31,"minecraft:cooked_mutton":12,"minecraft:poppy":1,"quark:hollow_oak_log":4,"minecraft:beetroot_seeds":6,"minecraft:bread":1,"minecraft:wheat_seeds":9,"minecraft:lead":1,"minecraft:cobblestone":12,"scalinghealth:heart_crystal_shard":8,"minecraft:stick":11,"minecraft:crimson_stairs":4,"mca:book_romance":1,"minecraft:torch":7,"minecraft:potion":1,"minecraft:iron_leggings":1,"minecraft:string":7,"minecraft:bucket":2,"minecraft:dandelion":3,"minecraft:smooth_basalt":4,"minecraft:moss_carpet":2,"minecraft:tuff":4,"minecraft:flint_and_steel":1,"minecraft:spruce_planks":2,"minecraft:diamond_pickaxe":1,"minecraft:andesite":5,"minecraft:oak_sapling":22,"minecraft:spider_eye":4,"minecraft:stone_bricks":6,"minecraft:bow":2,"epicfight:skillbook":1},"minecraft:mined":{"minecraft:white_bed":1,"minecraft:stone_pressure_plate":3,"minecraft:spruce_planks":2,"minecraft:brewing_stand":1,"minecraft:grass_block":4,"vampirism:hunter_table":1,"minecraft:composter":1,"minecraft:spawner":6,"minecraft:iron_ore":11,"minecraft:cobbled_deepslate":5,"minecraft:fire":1,"minecraft:fletching_table":8,"minecraft:deepslate_lapis_ore":17,"minecraft:dirt_path":1,"scalinghealth:deepslate_power_crystal_ore":7,"minecraft:iron_bars":1,"minecraft:deepslate_redstone_ore":25,"minecraft:quartz_block":4,"minecraft:smoker":3,"ars_nouveau:light_block":1,"minecraft:amethyst_cluster":6,"scalinghealth:deepslate_heart_crystal_ore":6,"minecraft:torch":40,"minecraft:blast_furnace":1,"minecraft:calcite":11,"minecraft:cobblestone":3,"minecraft:sugar_cane":5,"minecraft:grindstone":1,"minecraft:oak_planks":8,"minecraft:iron_door":3,"minecraft:crimson_stairs":4,"minecraft:wall_torch":19,"minecraft:amethyst_block":116,"minecraft:wheat":15,"minecraft:tnt":4,"quark:glow_shroom":6,"minecraft:grass":34,"minecraft:oak_log":82,"minecraft:dirt":7,"minecraft:smooth_basalt":8,"minecraft:deepslate":71,"vampirism:dark_stone_bricks":1,"minecraft:tuff":2,"minecraft:deepslate_diamond_ore":6,"minecraft:candle":5,"minecraft:hay_block":39,"minecraft:furnace":1,"minecraft:bookshelf":25,"minecraft:deepslate_iron_ore":11,"minecraft:vine":3,"minecraft:lantern":1,"irons_spellbooks:inscription_table":1,"minecraft:stone":25,"ars_nouveau:purple_archwood_log":209,"minecraft:glass_pane":1,"minecraft:dandelion":1,"minecraft:crafting_table":8,"minecraft:lectern":12,"minecraft:tall_grass":7,"minecraft:deepslate_gold_ore":19,"vampirism:cracked_dark_stone_bricks":1,"minecraft:lime_bed":1,"vampirism:totem_base":1,"minecraft:yellow_bed":1,"minecraft:coal_ore":12,"minecraft:gravel":166,"minecraft:cracked_stone_bricks":4,"minecraft:stone_bricks":3},"minecraft:broken":{"minecraft:iron_axe":1,"epicfight:iron_longsword":1},"minecraft:crafted":{"minecraft:smooth_stone":3,"minecraft:oak_planks":1812,"vampirism:injection_garlic":1,"quark:birch_chest":2,"ars_nouveau:archwood_planks":116,"minecraft:cooked_chicken":10,"minecraft:birch_slab":6,"vampirism:med_chair":1,"minecraft:stone":5,"minecraft:bookshelf":10,"minecraft:cooked_mutton":26,"minecraft:quartz_block":30,"minecraft:glass":64,"minecraft:bow":1,"minecraft:iron_boots":1,"ars_nouveau:worn_notebook":1,"apotheosis:ender_lead":2,"vampirism:stake":5,"ars_nouveau:apprentice_spell_book":1,"scalinghealth:power_crystal":1,"minecraft:smoker":1,"sophisticatedbackpacks:backpack":1,"minecraft:arrow":48,"minecraft:emerald":112,"minecraft:cooked_porkchop":22,"minecraft:crafting_table":7,"minecraft:iron_helmet":1,"minecraft:fletching_table":1,"epicfight:iron_longsword":1,"minecraft:hay_block":9,"minecraft:birch_planks":124,"farmersdelight:fried_egg":17,"minecraft:lectern":1,"minecraft:iron_chestplate":1,"minecraft:wooden_hoe":1,"minecraft:diamond_pickaxe":1,"minecraft:charcoal":2,"minecraft:shield":1,"minecraft:birch_fence":39,"quark:oak_chest":11,"minecraft:stick":2920,"minecraft:iron_ingot":159,"quark:framed_glass_pane":16,"minecraft:iron_pickaxe":1,"minecraft:iron_block":3,"minecraft:gold_ingot":67,"ars_nouveau:scribes_table":1,"minecraft:oak_door":6,"minecraft:furnace":4,"minecraft:blast_furnace":1,"quark:framed_glass":8,"ars_nouveau:archwood_slab":6,"minecraft:flint_and_steel":1,"vampirism:injection_empty":1,"minecraft:lantern":1,"ars_nouveau:novice_spell_book":1,"minecraft:iron_axe":1,"minecraft:redstone_block":21,"quark:birch_bookshelf":1,"sophisticatedbackpacks:iron_backpack":1,"minecraft:wheat":273,"minecraft:cooked_beef":30,"ars_nouveau:ritual_wilden_summon":1,"minecraft:enchanting_table":1,"minecraft:iron_sword":2,"minecraft:cooked_salmon":10,"sophisticatedbackpacks:gold_backpack":1,"scalinghealth:heart_crystal":4,"minecraft:enchanted_book":4,"minecraft:bread":96,"minecraft:air":0,"minecraft:iron_shovel":1,"minecraft:anvil":1,"minecraft:white_bed":7,"minecraft:torch":128,"minecraft:lapis_block":20,"apotheosis:broadhead_arrow":84},"minecraft:custom":{"minecraft:animals_bred":10,"minecraft:interact_with_crafting_table":131,"minecraft:open_barrel":54,"minecraft:leave_game":8,"minecraft:time_since_death":633323,"minecraft:damage_resisted":355,"minecraft:sprint_one_cm":2476927,"minecraft:damage_blocked_by_shield":3663,"minecraft:drop":91,"vampirism:interact_with_totem":3,"minecraft:talked_to_villager":8,"minecraft:play_time":636926,"minecraft:deaths":1,"minecraft:jump":5893,"minecraft:interact_with_brewingstand":1,"minecraft:walk_on_water_one_cm":122887,"minecraft:enchant_item":8,"minecraft:interact_with_furnace":47,"minecraft:traded_with_villager":117,"vampirism:interact_with_research_table":2,"minecraft:sleep_in_bed":9,"minecraft:waystone_activated":1,"minecraft:damage_dealt":50814,"minecraft:player_kills":1,"minecraft:crouch_one_cm":5067,"minecraft:interact_with_smoker":45,"minecraft:horse_one_cm":9470,"minecraft:interact_with_anvil":16,"minecraft:mob_kills":259,"vampirism:killed_with_stake":31,"minecraft:damage_dealt_resisted":3167,"minecraft:climb_one_cm":8025,"minecraft:walk_one_cm":3222043,"vampirism:skills_unlocked":3,"minecraft:damage_dealt_absorbed":416,"minecraft:sneak_time":3846,"minecraft:walk_under_water_one_cm":182296,"minecraft:interact_with_blast_furnace":15,"minecraft:total_world_time":636926,"vampirism:win_village_capture":4,"vampirism:interact_with_injection_chair":3,"minecraft:interact_with_grindstone":1,"minecraft:time_since_rest":45784,"minecraft:damage_taken":12817,"minecraft:trigger_trapped_chest":4,"minecraft:swim_one_cm":234714,"minecraft:fly_one_cm":1915789,"minecraft:open_chest":788,"vampirism:defend_village":4,"minecraft:fall_one_cm":117249}},"DataVersion":3465}