{"stats":{"minecraft:killed_by":{"minecraft:skeleton":1,"minecraft:zombie":1,"vampirism:vampire":2},"minecraft:picked_up":{"minecraft:birch_log":10,"minecraft:jungle_log":11,"minecraft:potato":3,"gravestone:obituary":2,"minecraft:string":2,"minecraft:bone":5,"minecraft:birch_sapling":2,"minecraft:egg":2,"minecraft:book":36,"minecraft:raw_iron":6,"scalinghealth:heart_crystal_shard":1,"minecraft:torch":14,"minecraft:jungle_planks":36,"epicfight:skillbook":1,"minecraft:porkchop":5,"vampirism:vampire_fang":1,"minecraft:spider_eye":1,"ars_nouveau:music_disc_firel_the_wild_hunt":2,"minecraft:rotten_flesh":4,"minecraft:jungle_stairs":3,"minecraft:gray_wool":1,"minecraft:chainmail_helmet":1,"scalinghealth:cursed_heart":1,"minecraft:mutton":2,"minecraft:coal":22,"minecraft:iron_bars":2,"iceandfire:raw_silver":3,"minecraft:cobblestone":16},"minecraft:used":{"epicfight:skillbook":5,"minecraft:trident":1,"minecraft:iron_bars":2,"minecraft:stone_sword":11,"minecraft:stone_pickaxe":2,"quark:jungle_chest":2,"minecraft:shield":15,"minecraft:wooden_pickaxe":16,"epicfight:iron_longsword":14,"minecraft:torch":55,"minecraft:jungle_planks":14,"minecraft:iron_axe":4,"minecraft:iron_pickaxe":36,"minecraft:jungle_stairs":3,"epicfight:stone_greatsword":21,"minecraft:stone_axe":30,"minecraft:wooden_sword":9,"minecraft:potion":1,"minecraft:cooked_porkchop":2,"minecraft:porkchop":2,"minecraft:bucket":1,"minecraft:potato":3,"minecraft:cooked_beef":2,"minecraft:gray_wool":1,"farmersdelight:fried_egg":4},"minecraft:crafted":{"minecraft:wooden_sword":1,"minecraft:cooked_porkchop":3,"minecraft:wooden_pickaxe":1,"quark:jungle_chest":2,"minecraft:iron_sword":1,"epicfight:iron_longsword":1,"epicfight:stone_greatsword":1,"minecraft:birch_planks":20,"minecraft:air":0,"minecraft:jungle_planks":32,"farmersdelight:fried_egg":4,"minecraft:charcoal":5,"minecraft:stick":40,"minecraft:iron_ingot":1,"minecraft:stone_pickaxe":1,"minecraft:stone_sword":1,"minecraft:torch":96},"minecraft:custom":{"minecraft:interact_with_furnace":11,"minecraft:mob_kills":12,"minecraft:interact_with_crafting_table":12,"minecraft:damage_dealt_resisted":301,"minecraft:eat_cake_slice":2,"minecraft:leave_game":1,"minecraft:time_since_death":32349,"minecraft:damage_resisted":10,"minecraft:climb_one_cm":6132,"minecraft:time_since_rest":32409,"minecraft:sprint_one_cm":333867,"minecraft:damage_taken":1206,"minecraft:walk_one_cm":507442,"minecraft:damage_blocked_by_shield":1230,"minecraft:drop":10,"minecraft:damage_dealt":2851,"minecraft:fly_one_cm":89391,"minecraft:open_chest":85,"minecraft:play_time":65119,"minecraft:deaths":4,"minecraft:sneak_time":38,"minecraft:jump":448,"minecraft:walk_on_water_one_cm":70,"minecraft:total_world_time":65119,"minecraft:fall_one_cm":3711},"minecraft:dropped":{"ars_nouveau:music_disc_firel_the_wild_hunt":1,"minecraft:iron_nugget":5,"minecraft:rotten_flesh":4,"minecraft:jungle_planks":36,"minecraft:stick":2,"gravestone:obituary":3},"minecraft:mined":{"iceandfire:silver_ore":3,"minecraft:torch":10,"gravestone:gravestone":2,"minecraft:jungle_planks":7,"minecraft:jungle_log":5,"minecraft:wall_torch":3,"minecraft:birch_log":10,"minecraft:iron_ore":6,"minecraft:birch_leaves":5,"minecraft:potatoes":1,"minecraft:bookshelf":12,"minecraft:coal_ore":22,"minecraft:vine":12,"minecraft:iron_bars":2,"minecraft:stone":19,"scalinghealth:heart_crystal_ore":1},"minecraft:killed":{"vampirism:vampire":1,"minecraft:pig":2,"minecraft:spider":2,"minecraft:creeper":1,"minecraft:sheep":1,"minecraft:skeleton":3,"minecraft:zombie":2}},"DataVersion":3465}