{"stats":{"minecraft:used":{"minecraft:polished_deepslate":71,"minecraft:spruce_slab":1,"ars_nouveau:magebloom_crop":2,"minecraft:shield":44,"minecraft:stone":10,"minecraft:iron_sword":580,"minecraft:rotten_flesh":4,"minecraft:carrot":18,"minecraft:tuff":5,"minecraft:milk_bucket":1,"minecraft:obsidian":20,"ars_nouveau:alteration_table":1,"ars_nouveau:archwood_chest":1,"minecraft:deepslate_diamond_ore":24,"minecraft:bow":75,"minecraft:oak_sapling":18,"minecraft:furnace":3,"minecraft:skeleton_skull":2,"minecraft:potato":13,"spartanweaponry:iron_greatsword":25,"epicfight:skillbook":10,"minecraft:diorite":6,"minecraft:oak_planks":347,"minecraft:stone_pickaxe":13,"minecraft:wooden_pickaxe":3,"epicfight:iron_longsword":259,"minecraft:diamond_axe":122,"ars_nouveau:arcanist_hood":1,"minecraft:blast_furnace":3,"ars_nouveau:archwood_planks":5,"vampirism:stake":112,"relics:horse_flute":5,"minecraft:birch_fence":36,"ars_nouveau:enchanting_apparatus":1,"waystones:waystone":1,"ars_nouveau:purple_archwood_sapling":14,"spartanweaponry:iron_dagger":1,"minecraft:zombie_head":6,"minecraft:bread":122,"minecraft:iron_door":4,"minecraft:lectern":10,"minecraft:gravel":44,"minecraft:grindstone":2,"minecraft:andesite":8,"epicfight:diamond_longsword":15,"vampirism:med_chair":2,"minecraft:oak_boat":4,"minecraft:bone_meal":48,"minecraft:oak_fence":7,"quark:birch_chest":2,"minecraft:enchanting_table":1,"ars_nouveau:arcane_core":1,"minecraft:cooked_salmon":10,"minecraft:cooked_chicken":21,"minecraft:oak_door":4,"minecraft:torch":229,"minecraft:dirt":90,"minecraft:anvil":2,"scalinghealth:heart_crystal":12,"minecraft:stone_stairs":1,"minecraft:granite":4,"ars_nouveau:battlemage_boots":3,"apotheosis:ender_lead":3,"minecraft:bookshelf":15,"minecraft:iron_axe":636,"ars_nouveau:imbuement_chamber":5,"ars_nouveau:enchanters_shield":2,"minecraft:smooth_basalt":1,"minecraft:light_gray_wool":1,"ars_nouveau:arcanist_leggings":1,"farmersdelight:fried_egg":10,"minecraft:cooked_beef":3,"minecraft:cobbled_deepslate":152,"minecraft:calcite":7,"minecraft:wheat_seeds":15,"minecraft:cooked_mutton":19,"minecraft:water_bucket":138,"minecraft:amethyst_block":12,"minecraft:birch_planks":1,"vampirism:item_garlic":4,"minecraft:fletching_table":11,"ars_nouveau:battlemage_robes":1,"minecraft:crafting_table":19,"vampirism:hunter_table":1,"minecraft:white_bed":9,"minecraft:smoker":5,"minecraft:amethyst_cluster":1,"minecraft:wooden_hoe":16,"minecraft:flower_pot":1,"minecraft:diamond_pickaxe":87,"minecraft:diamond_shovel":164,"ars_nouveau:source_jar":9,"ars_nouveau:arcane_pedestal":20,"minecraft:iron_pickaxe":351,"minecraft:oak_button":2,"ars_nouveau:volcanic_sourcelink":3,"minecraft:spruce_trapdoor":6,"minecraft:cobblestone":26,"minecraft:potion":2,"minecraft:porkchop":7,"minecraft:cooked_porkchop":22,"minecraft:bucket":139,"minecraft:yellow_bed":1,"quark:oak_chest":10,"minecraft:dandelion":1,"ars_nouveau:scribes_table":1,"minecraft:candle":20},"minecraft:picked_up":{"irons_spellbooks:scroll":2,"minecraft:iron_chestplate":2,"minecraft:wheat":67,"minecraft:flower_pot":1,"minecraft:lead":5,"quark:hollow_oak_log":4,"minecraft:potion":1,"minecraft:enchanted_book":1,"minecraft:stone_brick_stairs":9,"minecraft:infested_stone":25,"minecraft:brewing_stand":2,"minecraft:amethyst_block":169,"ars_nouveau:glyph_craft":2,"ars_nouveau:belt_of_levitation":1,"minecraft:polished_deepslate":5,"minecraft:string":31,"minecraft:raw_copper":18,"minecraft:iron_leggings":1,"minecraft:zombie_head":3,"minecraft:beetroot":4,"vampirism:obi_belt":1,"irons_spellbooks:arcane_essence":3,"minecraft:cobbled_deepslate":717,"minecraft:spruce_planks":3,"minecraft:calcite":11,"irons_spellbooks:blank_rune":1,"apotheosis:ender_lead":1,"irons_spellbooks:inscription_table":1,"minecraft:furnace":1,"minecraft:tipped_arrow":3,"minecraft:golden_helmet":1,"minecraft:stick":109,"apotheosis:gem":17,"ars_nouveau:ring_of_greater_discount":1,"ars_nouveau:enchanters_shield":1,"minecraft:oak_fence":7,"minecraft:torch":121,"epicfight:skillbook":2,"minecraft:porkchop":31,"vampirism:vampire_fang":8,"minecraft:diorite":14,"vampirism:hunter_table":1,"minecraft:quartz_block":3,"vampirism:blood_bottle":2,"minecraft:rotten_flesh":48,"ars_nouveau:apprentice_spell_book":1,"ars_nouveau:arcanist_leggings":1,"ars_nouveau:imbuement_chamber":2,"farmersdelight:rope":2,"irons_spellbooks:arcane_debris":6,"minecraft:obsidian":105,"minecraft:iron_bars":4,"minecraft:blaze_powder":2,"minecraft:cobblestone":334,"minecraft:birch_log":31,"minecraft:enchanting_table":1,"minecraft:leather_chestplate":1,"minecraft:feather":28,"vampirism:med_chair":2,"minecraft:iron_door":3,"minecraft:birch_slab":2,"minecraft:water_bucket":2,"minecraft:andesite":19,"minecraft:smoker":4,"ars_nouveau:magebloom":14,"minecraft:flint":31,"minecraft:tuff":72,"relics:jellyfish_necklace":1,"ars_nouveau:glyph_amplify":1,"ars_nouveau:amulet_of_mana_boost":1,"minecraft:lapis_lazuli":196,"minecraft:dirt":122,"minecraft:lantern":2,"minecraft:leather_boots":1,"minecraft:bone":41,"minecraft:bow":1,"minecraft:wheat_seeds":118,"ars_nouveau:source_gem":20,"minecraft:raw_gold":33,"minecraft:grindstone":2,"minecraft:mossy_stone_bricks":3,"minecraft:fletching_table":9,"minecraft:glowstone_dust":5,"minecraft:oak_planks":61,"minecraft:mossy_stone_brick_stairs":2,"irons_spellbooks:frozen_bone":9,"ars_nouveau:glyph_ignite":1,"ars_nouveau:glyph_bounce":1,"minecraft:sand":67,"minecraft:ink_sac":1,"minecraft:grass_block":1,"minecraft:lily_of_the_valley":1,"minecraft:diamond_block":1,"minecraft:trapped_chest":1,"minecraft:mossy_cobblestone":1,"cataclysm:lionfish":1,"minecraft:polished_andesite":1,"minecraft:diamond":64,"waystones:waystone":1,"minecraft:writable_book":1,"ars_nouveau:glyph_summon_steed":1,"minecraft:granite":21,"minecraft:spruce_sign":1,"minecraft:emerald":1,"scalinghealth:cursed_heart":1,"minecraft:bread":9,"born_in_chaos_v1:rotten_fish":1,"minecraft:jack_o_lantern":1,"minecraft:oak_sapling":111,"minecraft:netherrack":5,"ars_nouveau:arcane_pedestal":8,"mca:bouquet":1,"minecraft:diamond_pickaxe":1,"minecraft:crafting_table":11,"minecraft:chicken":27,"minecraft:leather_leggings":1,"minecraft:brown_mushroom":1,"minecraft:gold_block":2,"minecraft:cornflower":2,"ars_nouveau:archwood_planks":3,"minecraft:stone_stairs":1,"minecraft:wooden_sword":1,"minecraft:birch_fence":7,"minecraft:cracked_stone_bricks":6,"minecraft:candle":14,"minecraft:deepslate_diamond_ore":24,"minecraft:beef":30,"minecraft:oak_boat":3,"minecraft:iron_nugget":10,"minecraft:poppy":2,"minecraft:light_gray_wool":2,"minecraft:spruce_slab":1,"minecraft:lectern":12,"minecraft:sugar_cane":34,"minecraft:phantom_membrane":1,"minecraft:spruce_trapdoor":6,"minecraft:egg":19,"ars_nouveau:thread_heights":1,"minecraft:raw_iron":74,"ars_nouveau:purple_archwood_log":583,"ars_nouveau:air_essence":7,"minecraft:oak_door":3,"sophisticatedbackpacks:crafting_upgrade":1,"minecraft:amethyst_cluster":1,"ars_nouveau:purple_archwood_sapling":74,"minecraft:carrot":23,"minecraft:redstone":127,"minecraft:stone_pressure_plate":1,"minecraft:tnt":4,"minecraft:arrow":19,"minecraft:beetroot_seeds":6,"ars_nouveau:abjuration_essence":1,"ars_nouveau:ring_of_lesser_discount":1,"minecraft:nether_bricks":1,"minecraft:hay_block":40,"minecraft:gold_ingot":15,"minecraft:mutton":40,"minecraft:skeleton_skull":2,"minecraft:white_wool":26,"minecraft:bone_block":24,"minecraft:oxeye_daisy":4,"minecraft:lime_bed":1,"vampirism:vampire_blood_bottle":9,"ars_nouveau:arcanist_hood":1,"minecraft:salmon":10,"minecraft:leather":21,"minecraft:red_mushroom":1,"ars_nouveau:glyph_leap":1,"ars_nouveau:battlemage_robes":1,"ars_nouveau:wilden_wing":3,"minecraft:oak_log":332,"minecraft:yellow_bed":3,"minecraft:gunpowder":2,"minecraft:cobblestone_stairs":1,"scalinghealth:heart_crystal":4,"mca:book_romance":1,"minecraft:spawner":18,"minecraft:cooked_mutton":5,"minecraft:apple":9,"minecraft:stone_bricks":7,"vampirism:cracked_dark_stone_bricks":1,"minecraft:iron_ingot":6,"minecraft:cooked_chicken":9,"scalinghealth:power_crystal_shard":9,"minecraft:iron_sword":1,"minecraft:book":167,"minecraft:polished_andesite_stairs":1,"scalinghealth:heart_crystal_shard":74,"minecraft:smooth_basalt":12,"ars_nouveau:source_jar":7,"minecraft:quartz":45,"ars_nouveau:battlemage_boots":2,"minecraft:dandelion":15,"ars_nouveau:novice_spell_book":1,"minecraft:gravel":187,"minecraft:crimson_stairs":4,"ars_nouveau:bastion_pod":6,"minecraft:amethyst_shard":36,"minecraft:blast_furnace":2,"minecraft:white_bed":3,"ars_nouveau:music_disc_thistle_the_sound_of_glass":1,"minecraft:spider_eye":7,"minecraft:leather_helmet":1,"ars_nouveau:glyph_light":1,"ars_nouveau:volcanic_sourcelink":2,"minecraft:slime_ball":4,"minecraft:stone_axe":1,"minecraft:chainmail_leggings":1,"ars_nouveau:source_gem_block":24,"ars_nouveau:glyph_aoe":1,"minecraft:mossy_cobblestone_stairs":1,"mca:book_infection":1,"minecraft:netherite_hoe":1,"minecraft:black_wool":2,"minecraft:coal":220,"minecraft:sunflower":5,"minecraft:ender_pearl":4,"ars_nouveau:magebloom_crop":2},"minecraft:broken":{"minecraft:iron_sword":1,"minecraft:shield":1,"minecraft:iron_axe":2,"epicfight:iron_longsword":1},"minecraft:custom":{"minecraft:animals_bred":10,"minecraft:interact_with_crafting_table":182,"minecraft:open_barrel":62,"minecraft:eat_cake_slice":2,"minecraft:leave_game":3,"minecraft:time_since_death":960936,"minecraft:damage_resisted":351,"minecraft:sprint_one_cm":3481403,"minecraft:damage_blocked_by_shield":4583,"minecraft:drop":155,"vampirism:interact_with_totem":1,"minecraft:talked_to_villager":9,"minecraft:play_time":964539,"minecraft:deaths":1,"minecraft:interact_with_brewingstand":1,"minecraft:jump":6901,"minecraft:walk_on_water_one_cm":163925,"minecraft:enchant_item":5,"minecraft:interact_with_furnace":52,"minecraft:traded_with_villager":76,"vampirism:interact_with_research_table":2,"minecraft:sleep_in_bed":11,"minecraft:waystone_activated":4,"minecraft:damage_dealt":53326,"minecraft:player_kills":1,"minecraft:crouch_one_cm":12393,"minecraft:interact_with_smoker":50,"minecraft:horse_one_cm":11191,"minecraft:interact_with_smithing_table":1,"minecraft:interact_with_anvil":13,"minecraft:mob_kills":250,"vampirism:killed_with_stake":19,"minecraft:damage_dealt_resisted":3051,"minecraft:climb_one_cm":13956,"minecraft:walk_one_cm":4706428,"vampirism:skills_unlocked":3,"minecraft:damage_dealt_absorbed":276,"minecraft:sneak_time":8403,"minecraft:walk_under_water_one_cm":247405,"minecraft:interact_with_lectern":5,"minecraft:interact_with_blast_furnace":19,"minecraft:total_world_time":964539,"vampirism:win_village_capture":3,"vampirism:interact_with_injection_chair":3,"minecraft:interact_with_grindstone":4,"minecraft:time_since_rest":68464,"minecraft:damage_taken":14853,"minecraft:trigger_trapped_chest":4,"minecraft:swim_one_cm":258595,"minecraft:fly_one_cm":2855799,"minecraft:open_chest":1213,"vampirism:defend_village":3,"minecraft:fall_one_cm":132955},"minecraft:crafted":{"minecraft:black_dye":1,"minecraft:smooth_stone":3,"minecraft:oak_planks":1108,"vampirism:injection_garlic":1,"quark:birch_chest":2,"ars_nouveau:archwood_planks":348,"minecraft:cooked_chicken":12,"minecraft:birch_slab":6,"minecraft:zombie_head":3,"vampirism:med_chair":1,"minecraft:stone":13,"minecraft:bookshelf":15,"minecraft:cooked_mutton":26,"minecraft:quartz_block":2,"minecraft:glass":64,"ars_nouveau:blank_thread":1,"apotheosis:ender_lead":2,"minecraft:oak_button":2,"minecraft:iron_door":3,"vampirism:stake":5,"ars_nouveau:apprentice_spell_book":1,"ars_nouveau:enchanting_apparatus":1,"minecraft:smoker":1,"ars_nouveau:ring_of_potential":1,"ars_nouveau:dull_trinket":1,"sophisticatedbackpacks:backpack":1,"minecraft:arrow":96,"minecraft:emerald":68,"ars_nouveau:arcane_core":1,"minecraft:cooked_porkchop":21,"minecraft:diamond_axe":1,"minecraft:crafting_table":9,"ars_nouveau:source_jar":2,"minecraft:fletching_table":2,"epicfight:iron_longsword":1,"minecraft:hay_block":9,"minecraft:birch_planks":124,"farmersdelight:fried_egg":27,"minecraft:lectern":1,"minecraft:wooden_hoe":1,"minecraft:diamond_pickaxe":2,"minecraft:charcoal":20,"ars_nouveau:archwood_chest":1,"minecraft:shield":2,"quark:oak_chest":11,"minecraft:birch_fence":39,"minecraft:stick":1888,"quark:framed_glass_pane":16,"minecraft:iron_ingot":73,"minecraft:iron_pickaxe":1,"minecraft:iron_block":3,"minecraft:gold_ingot":46,"ars_nouveau:scribes_table":2,"ars_nouveau:arcane_pedestal":13,"minecraft:oak_door":6,"mca:blueprint":1,"ars_nouveau:volcanic_sourcelink":1,"minecraft:iron_nugget":18,"ars_nouveau:magebloom_fiber":28,"minecraft:furnace":4,"minecraft:blast_furnace":1,"mca:bouquet":1,"minecraft:bone_meal":48,"quark:framed_glass":8,"ars_nouveau:archwood_slab":24,"minecraft:flint_and_steel":1,"vampirism:injection_empty":1,"minecraft:lantern":1,"ars_nouveau:novice_spell_book":1,"minecraft:iron_axe":2,"quark:birch_bookshelf":1,"sophisticatedbackpacks:iron_backpack":1,"minecraft:wheat":273,"minecraft:cooked_beef":30,"minecraft:sugar":3,"minecraft:firework_star":1,"ars_nouveau:source_gem":48,"minecraft:diamond_sword":1,"epicfight:diamond_longsword":1,"ars_nouveau:imbuement_chamber":3,"minecraft:enchanting_table":1,"minecraft:iron_sword":2,"minecraft:cooked_salmon":10,"sophisticatedbackpacks:gold_backpack":1,"scalinghealth:heart_crystal":6,"minecraft:enchanted_book":2,"minecraft:bread":96,"minecraft:air":0,"minecraft:blue_dye":1,"ars_nouveau:sourcestone":64,"minecraft:oak_boat":2,"minecraft:gold_nugget":63,"minecraft:fermented_spider_eye":1,"minecraft:iron_shovel":1,"minecraft:anvil":1,"minecraft:white_bed":7,"ars_nouveau:alteration_table":1,"minecraft:torch":128,"ars_nouveau:mundane_belt":1},"minecraft:dropped":{"ars_nouveau:air_essence":1,"ars_nouveau:novice_spell_book":1,"minecraft:oak_log":2,"minecraft:diamond":7,"minecraft:glass_bottle":1,"minecraft:crafting_table":1,"ars_nouveau:abjuration_essence":1,"relics:jellyfish_necklace":1,"minecraft:lantern":1,"minecraft:leather":4,"minecraft:birch_slab":2,"minecraft:leather_helmet":1,"minecraft:dirt":37,"minecraft:birch_fence":10,"minecraft:cornflower":1,"minecraft:sunflower":5,"minecraft:sand":1,"minecraft:sugar":1,"minecraft:iron_pickaxe":1,"spartanweaponry:iron_dagger":1,"minecraft:white_wool":2,"minecraft:bone":26,"minecraft:oak_door":1,"minecraft:gravel":65,"minecraft:stone_axe":1,"minecraft:sugar_cane":12,"ars_nouveau:apprentice_spell_book":1,"minecraft:iron_nugget":17,"minecraft:cobbled_deepslate":32,"ars_nouveau:purple_archwood_sapling":18,"minecraft:obsidian":1,"minecraft:beetroot":4,"minecraft:rotten_flesh":13,"minecraft:oak_planks":31,"minecraft:cooked_mutton":12,"minecraft:firework_star":1,"minecraft:poppy":1,"quark:hollow_oak_log":4,"minecraft:beetroot_seeds":6,"minecraft:quartz_block":1,"farmersdelight:rope":2,"mca:book_infection":1,"minecraft:netherrack":5,"minecraft:water_bucket":1,"minecraft:enchanted_book":2,"minecraft:bread":1,"minecraft:wheat_seeds":9,"minecraft:clock":1,"minecraft:lead":1,"scalinghealth:heart_crystal_shard":8,"minecraft:cobblestone":17,"ars_nouveau:purple_archwood_log":269,"minecraft:stick":11,"minecraft:crimson_stairs":4,"mca:book_romance":1,"minecraft:diorite":1,"minecraft:torch":7,"minecraft:iron_door":1,"minecraft:potion":1,"minecraft:iron_leggings":1,"minecraft:string":13,"ars_nouveau:wilden_wing":3,"minecraft:bucket":2,"minecraft:smooth_basalt":4,"minecraft:dandelion":3,"minecraft:tuff":4,"ars_nouveau:archwood_planks":2,"born_in_chaos_v1:rotten_fish":1,"minecraft:nether_bricks":1,"minecraft:flint_and_steel":1,"minecraft:spruce_planks":2,"minecraft:diamond_pickaxe":1,"minecraft:iron_chestplate":1,"minecraft:andesite":4,"minecraft:mossy_stone_bricks":1,"minecraft:oak_boat":1,"minecraft:oak_sapling":50,"minecraft:stone_pressure_plate":1,"minecraft:spider_eye":4,"minecraft:stone_bricks":6,"minecraft:slime_ball":3,"minecraft:bow":1,"epicfight:skillbook":1},"minecraft:killed":{"vampirism:vampire":21,"minecraft:cave_spider":5,"vampirism:advanced_vampire":2,"minecraft:spider":10,"grimoireofgaia:minotaurus":1,"minecraft:skeleton":16,"vampirism:blinding_bat":1,"minecraft:chicken":29,"irons_spellbooks:summoned_skeleton":1,"minecraft:pig":15,"minecraft:salmon":12,"minecraft:iron_golem":1,"minecraft:creeper":3,"vampirism:hunter":4,"minecraft:sheep":28,"minecraft:zombie":52,"minecraft:stray":6,"grimoireofgaia:harpy":1,"minecraft:cow":13,"irons_spellbooks:summoned_zombie":4,"minecraft:vindicator":2,"minecraft:phantom":1,"born_in_chaos_v1:corpse_fish":2,"cataclysm:lionfish":1,"cataclysm:deepling_angler":1,"minecraft:husk":1,"quark:foxhound":1,"minecraft:bat":1,"minecraft:squid":1,"minecraft:enderman":6},"minecraft:mined":{"minecraft:large_amethyst_bud":1,"minecraft:white_bed":4,"minecraft:spruce_planks":2,"minecraft:stone_pressure_plate":4,"minecraft:oak_sapling":1,"minecraft:brewing_stand":2,"minecraft:budding_amethyst":3,"minecraft:grass_block":9,"minecraft:oxeye_daisy":4,"vampirism:hunter_table":1,"minecraft:composter":1,"minecraft:spawner":42,"minecraft:glowstone":2,"minecraft:mossy_cobblestone_stairs":1,"minecraft:iron_ore":11,"minecraft:fire":2,"minecraft:cobbled_deepslate":6,"minecraft:deepslate_lapis_ore":1,"minecraft:fletching_table":9,"minecraft:enchanting_table":1,"minecraft:dirt_path":1,"minecraft:iron_bars":3,"scalinghealth:deepslate_power_crystal_ore":7,"minecraft:potted_brown_mushroom":1,"minecraft:quartz_block":5,"minecraft:smoker":4,"minecraft:amethyst_cluster":7,"scalinghealth:deepslate_heart_crystal_ore":6,"minecraft:torch":40,"minecraft:blast_furnace":2,"minecraft:poppy":1,"minecraft:calcite":11,"minecraft:cobblestone":4,"minecraft:oak_planks":12,"minecraft:grindstone":2,"minecraft:sugar_cane":7,"minecraft:iron_door":6,"minecraft:crimson_stairs":4,"minecraft:wall_torch":21,"minecraft:stone_stairs":1,"minecraft:amethyst_block":116,"minecraft:skeleton_skull":1,"vampirism:med_chair":1,"minecraft:wheat":16,"minecraft:tnt":4,"minecraft:stone_brick_stairs":2,"minecraft:grass":37,"minecraft:oak_log":84,"minecraft:dirt":7,"minecraft:smooth_basalt":8,"minecraft:deepslate":56,"minecraft:suspicious_gravel":1,"vampirism:dark_stone_bricks":1,"minecraft:mossy_cobblestone":1,"minecraft:deepslate_diamond_ore":54,"minecraft:candle":5,"minecraft:oak_door":2,"minecraft:jack_o_lantern":1,"minecraft:red_mushroom":1,"ars_nouveau:volcanic_sourcelink":2,"minecraft:hay_block":39,"ars_nouveau:magebloom_crop":1,"minecraft:furnace":1,"minecraft:mossy_stone_brick_stairs":2,"minecraft:bookshelf":38,"minecraft:vine":3,"minecraft:deepslate_iron_ore":7,"minecraft:lantern":1,"irons_spellbooks:inscription_table":1,"minecraft:stone":28,"ars_nouveau:purple_archwood_log":499,"minecraft:glass_pane":1,"minecraft:dandelion":12,"minecraft:crafting_table":8,"minecraft:lectern":12,"ars_nouveau:purple_archwood_sapling":1,"minecraft:tall_grass":5,"ars_nouveau:source_jar":7,"minecraft:deepslate_gold_ore":3,"vampirism:cracked_dark_stone_bricks":1,"minecraft:lime_bed":2,"ars_nouveau:arcane_pedestal":6,"ars_nouveau:purple_archwood_leaves":7,"minecraft:yellow_bed":4,"minecraft:coal_ore":12,"minecraft:zombie_head":3,"minecraft:sunflower":6,"minecraft:gravel":166,"minecraft:cracked_stone_bricks":5,"minecraft:stone_bricks":4,"ars_nouveau:imbuement_chamber":2,"minecraft:mossy_stone_bricks":3}},"DataVersion":3465}