{"stats":{"minecraft:used":{"minecraft:spruce_slab":1,"minecraft:stone":10,"minecraft:rotten_flesh":4,"ars_nouveau:alteration_table":1,"ars_nouveau:archwood_chest":2,"minecraft:lava_bucket":2,"minecraft:bow":123,"minecraft:furnace":3,"minecraft:oak_sapling":18,"minecraft:potato":13,"spartanweaponry:iron_greatsword":25,"minecraft:diorite":6,"minecraft:wooden_pickaxe":3,"epicfight:iron_longsword":259,"ars_nouveau:arcanist_hood":1,"minecraft:blast_furnace":3,"minecraft:birch_fence":36,"relics:horse_flute":5,"spartanweaponry:iron_dagger":1,"scalinghealth:enchanted_heart":2,"minecraft:zombie_head":6,"minecraft:lectern":10,"minecraft:diamond_sword":46,"minecraft:oak_boat":7,"minecraft:enchanting_table":1,"ars_nouveau:arcane_core":1,"minecraft:cooked_salmon":10,"minecraft:torch":229,"minecraft:anvil":2,"minecraft:stone_stairs":1,"minecraft:iron_axe":636,"minecraft:spawner":6,"minecraft:smooth_basalt":1,"minecraft:cobbled_deepslate":211,"minecraft:pointed_dripstone":6,"minecraft:calcite":7,"minecraft:wheat_seeds":15,"minecraft:water_bucket":152,"minecraft:birch_planks":1,"vampirism:item_garlic":4,"minecraft:fletching_table":11,"ars_nouveau:battlemage_robes":1,"minecraft:crafting_table":19,"vampirism:hunter_table":1,"minecraft:white_bed":10,"minecraft:amethyst_cluster":1,"minecraft:diamond_pickaxe":131,"minecraft:diamond_shovel":164,"minecraft:oak_button":2,"minecraft:iron_pickaxe":411,"ars_nouveau:arcane_pedestal":20,"minecraft:spruce_trapdoor":6,"minecraft:cobblestone":32,"minecraft:potion":2,"minecraft:cooked_porkchop":22,"minecraft:porkchop":7,"quark:oak_chest":10,"minecraft:dandelion":1,"minecraft:candle":20,"minecraft:polished_deepslate":1548,"ars_nouveau:magebloom_crop":2,"minecraft:shield":44,"minecraft:iron_sword":580,"minecraft:carrot":52,"minecraft:tuff":5,"minecraft:milk_bucket":1,"minecraft:obsidian":20,"minecraft:deepslate_diamond_ore":24,"minecraft:skeleton_skull":2,"epicfight:skillbook":13,"minecraft:stone_pickaxe":13,"minecraft:oak_planks":347,"minecraft:diamond_axe":128,"ars_nouveau:archwood_planks":5,"vampirism:stake":135,"ars_nouveau:enchanting_apparatus":1,"waystones:waystone":2,"ars_nouveau:purple_archwood_sapling":14,"minecraft:bread":149,"minecraft:iron_door":4,"minecraft:gravel":44,"minecraft:grindstone":3,"minecraft:andesite":8,"vampirism:med_chair":2,"epicfight:diamond_longsword":464,"minecraft:bone_meal":48,"minecraft:oak_fence":7,"quark:birch_chest":2,"minecraft:cooked_chicken":23,"minecraft:oak_door":5,"minecraft:dirt":107,"scalinghealth:heart_crystal":16,"minecraft:granite":36,"ars_nouveau:battlemage_boots":3,"apotheosis:ender_lead":3,"minecraft:bookshelf":15,"ars_nouveau:imbuement_chamber":5,"ars_nouveau:enchanters_shield":11,"minecraft:light_gray_wool":1,"ars_nouveau:arcanist_leggings":1,"minecraft:cooked_beef":3,"farmersdelight:fried_egg":10,"minecraft:cooked_mutton":19,"minecraft:amethyst_block":12,"minecraft:baked_potato":9,"scalinghealth:chance_heart":1,"minecraft:smoker":5,"minecraft:wooden_hoe":16,"minecraft:flower_pot":1,"ars_nouveau:source_jar":9,"ars_nouveau:volcanic_sourcelink":3,"minecraft:bucket":155,"minecraft:yellow_bed":1,"ars_nouveau:scribes_table":1},"minecraft:picked_up":{"minecraft:iron_chestplate":4,"minecraft:flower_pot":1,"minecraft:lead":5,"minecraft:diamond_sword":2,"minecraft:enchanted_book":1,"minecraft:infested_stone":25,"minecraft:brewing_stand":2,"minecraft:amethyst_block":297,"minecraft:polished_deepslate":91,"ars_nouveau:belt_of_levitation":2,"minecraft:string":31,"minecraft:beetroot":4,"vampirism:obi_belt":1,"minecraft:cobbled_deepslate":4470,"minecraft:spruce_planks":3,"irons_spellbooks:blank_rune":1,"minecraft:golden_helmet":5,"ars_nouveau:ring_of_greater_discount":2,"minecraft:golden_chestplate":4,"vampirism:hunter_table":1,"vampirism:blood_bottle":2,"ars_nouveau:apprentice_spell_book":1,"ars_nouveau:imbuement_chamber":2,"farmersdelight:rope":2,"epicfight:stray_robe":8,"minecraft:iron_bars":4,"minecraft:birch_log":31,"minecraft:feather":30,"vampirism:med_chair":2,"minecraft:iron_door":3,"minecraft:birch_slab":2,"minecraft:water_bucket":2,"minecraft:smoker":4,"ars_nouveau:magebloom":17,"minecraft:flint":41,"relics:jellyfish_necklace":1,"ars_nouveau:amulet_of_mana_boost":2,"minecraft:lantern":2,"minecraft:large_amethyst_bud":1,"minecraft:glowstone_dust":5,"ars_nouveau:glyph_bounce":1,"scalinghealth:enchanted_heart":2,"minecraft:ink_sac":1,"minecraft:trapped_chest":1,"cataclysm:lionfish":1,"minecraft:polished_andesite":1,"minecraft:writable_book":1,"ars_nouveau:glyph_summon_steed":1,"minecraft:granite":36,"minecraft:chainmail_helmet":1,"minecraft:bread":9,"minecraft:jack_o_lantern":1,"born_in_chaos_v1:rotten_fish":1,"minecraft:diamond_pickaxe":1,"sophisticatedbackpacks:gold_backpack":1,"minecraft:crafting_table":11,"iceandfire:witherbone":10,"minecraft:leather_leggings":1,"epicfight:stray_pants":8,"minecraft:cornflower":3,"epicfight:stray_hat":7,"minecraft:cracked_stone_bricks":7,"minecraft:deepslate_diamond_ore":24,"minecraft:beef":30,"minecraft:poppy":2,"minecraft:iron_nugget":12,"irons_spellbooks:emerald_stoneplate_ring":1,"minecraft:spruce_slab":1,"minecraft:egg":19,"ars_nouveau:thread_heights":1,"ars_nouveau:purple_archwood_log":583,"ars_nouveau:air_essence":7,"minecraft:oak_door":3,"sophisticatedbackpacks:crafting_upgrade":1,"minecraft:amethyst_cluster":6,"minecraft:carrot":23,"minecraft:redstone":377,"minecraft:tnt":4,"minecraft:beetroot_seeds":6,"minecraft:hay_block":40,"minecraft:gold_ingot":15,"minecraft:mutton":40,"minecraft:bone_block":24,"minecraft:white_wool":26,"minecraft:oxeye_daisy":5,"minecraft:lime_bed":1,"vampirism:vampire_blood_bottle":10,"ars_nouveau:battlemage_robes":1,"ars_nouveau:glyph_leap":1,"minecraft:red_mushroom":1,"ars_nouveau:wilden_wing":3,"minecraft:oak_log":332,"scalinghealth:bandages":2,"minecraft:golden_boots":4,"minecraft:spawner":18,"minecraft:apple":9,"minecraft:stone_bricks":10,"vampirism:cracked_dark_stone_bricks":1,"scalinghealth:power_crystal_shard":9,"minecraft:iron_sword":4,"minecraft:polished_andesite_stairs":1,"minecraft:smooth_basalt":12,"ars_nouveau:source_jar":7,"epicfight:stone_greatsword":2,"minecraft:gravel":276,"minecraft:crimson_stairs":4,"minecraft:leather_helmet":2,"epicfight:diamond_longsword":1,"ars_nouveau:volcanic_sourcelink":2,"minecraft:slime_ball":4,"minecraft:stone_axe":1,"ars_nouveau:source_gem_block":24,"minecraft:diamond_axe":1,"minecraft:baked_potato":3,"mca:book_infection":1,"minecraft:ender_pearl":31,"ars_nouveau:magebloom_crop":2,"irons_spellbooks:scroll":2,"minecraft:wheat":69,"quark:hollow_oak_log":4,"minecraft:potion":1,"minecraft:stone_brick_stairs":9,"ars_nouveau:glyph_craft":2,"minecraft:raw_copper":18,"minecraft:iron_leggings":4,"minecraft:zombie_head":3,"irons_spellbooks:arcane_essence":3,"minecraft:calcite":15,"apotheosis:ender_lead":1,"irons_spellbooks:inscription_table":1,"minecraft:furnace":1,"minecraft:iron_boots":5,"minecraft:tipped_arrow":49,"minecraft:stick":148,"apotheosis:gem":18,"ars_nouveau:enchanters_shield":1,"minecraft:oak_fence":7,"minecraft:torch":121,"epicfight:skillbook":10,"minecraft:porkchop":31,"minecraft:diorite":31,"minecraft:pointed_dripstone":18,"vampirism:vampire_fang":12,"minecraft:quartz_block":3,"minecraft:rotten_flesh":53,"ars_nouveau:arcanist_leggings":1,"irons_spellbooks:arcane_debris":8,"minecraft:obsidian":105,"minecraft:blaze_powder":2,"minecraft:cobblestone":381,"minecraft:enchanting_table":1,"epicfight:stone_spear":1,"minecraft:leather_chestplate":2,"minecraft:andesite":26,"minecraft:tuff":331,"ars_nouveau:glyph_amplify":1,"minecraft:dirt":139,"minecraft:lapis_lazuli":262,"minecraft:leather_boots":3,"minecraft:bone":351,"minecraft:bow":11,"ars_nouveau:source_gem":20,"minecraft:wheat_seeds":118,"minecraft:raw_gold":56,"minecraft:grindstone":3,"minecraft:mossy_stone_bricks":5,"minecraft:fletching_table":9,"minecraft:mossy_stone_brick_stairs":2,"minecraft:oak_planks":61,"irons_spellbooks:frozen_bone":142,"ars_nouveau:glyph_ignite":1,"minecraft:sand":67,"minecraft:diamond_block":1,"minecraft:grass_block":1,"minecraft:lily_of_the_valley":1,"minecraft:mossy_cobblestone":1,"minecraft:diamond":129,"waystones:waystone":1,"minecraft:spruce_sign":1,"minecraft:emerald":1,"scalinghealth:cursed_heart":1,"minecraft:oak_sapling":111,"minecraft:netherrack":5,"ars_nouveau:arcane_pedestal":8,"mca:bouquet":1,"minecraft:chicken":27,"minecraft:brown_mushroom":1,"minecraft:gold_block":2,"ars_nouveau:archwood_planks":3,"minecraft:wooden_sword":1,"minecraft:stone_stairs":1,"minecraft:birch_fence":7,"minecraft:candle":14,"scalinghealth:chance_heart":1,"minecraft:oak_boat":4,"minecraft:light_gray_wool":2,"minecraft:lectern":12,"minecraft:sugar_cane":34,"minecraft:spruce_trapdoor":6,"minecraft:phantom_membrane":8,"minecraft:raw_iron":87,"ars_nouveau:purple_archwood_sapling":74,"minecraft:stone_pressure_plate":1,"minecraft:arrow":294,"ars_nouveau:ring_of_lesser_discount":1,"minecraft:nether_bricks":1,"ars_nouveau:abjuration_essence":1,"minecraft:skeleton_skull":2,"ars_nouveau:arcanist_hood":1,"minecraft:salmon":10,"minecraft:leather":21,"minecraft:chainmail_chestplate":2,"minecraft:yellow_bed":3,"minecraft:gunpowder":3,"minecraft:cobblestone_stairs":1,"scalinghealth:heart_crystal":7,"mca:book_romance":1,"minecraft:cooked_mutton":5,"minecraft:iron_ingot":6,"minecraft:cooked_chicken":9,"minecraft:book":167,"scalinghealth:heart_crystal_shard":86,"ars_nouveau:battlemage_boots":2,"minecraft:quartz":45,"minecraft:dandelion":18,"ars_nouveau:novice_spell_book":1,"ars_nouveau:bastion_pod":6,"minecraft:amethyst_shard":36,"minecraft:blast_furnace":2,"minecraft:white_bed":4,"ars_nouveau:music_disc_thistle_the_sound_of_glass":1,"minecraft:spider_eye":7,"ars_nouveau:glyph_light":1,"minecraft:chainmail_leggings":4,"minecraft:iron_helmet":4,"ars_nouveau:glyph_aoe":1,"minecraft:mossy_cobblestone_stairs":1,"minecraft:netherite_hoe":1,"minecraft:black_wool":2,"minecraft:coal":262,"minecraft:sunflower":8},"minecraft:broken":{"minecraft:iron_sword":1,"minecraft:shield":1,"minecraft:iron_axe":2,"epicfight:iron_longsword":1},"minecraft:custom":{"minecraft:interact_with_crafting_table":196,"minecraft:open_barrel":62,"minecraft:eat_cake_slice":2,"minecraft:leave_game":5,"minecraft:time_since_death":111072,"minecraft:damage_blocked_by_shield":5168,"minecraft:play_time":1196480,"minecraft:deaths":2,"minecraft:jump":7988,"minecraft:enchant_item":17,"minecraft:interact_with_furnace":56,"minecraft:traded_with_villager":84,"minecraft:sleep_in_bed":12,"minecraft:waystone_activated":5,"minecraft:damage_dealt":76614,"minecraft:interact_with_smoker":53,"minecraft:horse_one_cm":11191,"minecraft:interact_with_smithing_table":1,"minecraft:interact_with_anvil":15,"vampirism:killed_with_stake":24,"minecraft:damage_dealt_absorbed":276,"minecraft:sneak_time":18232,"minecraft:interact_with_lectern":5,"minecraft:interact_with_blast_furnace":21,"minecraft:total_world_time":1196480,"vampirism:win_village_capture":3,"vampirism:interact_with_injection_chair":3,"minecraft:time_since_rest":111131,"minecraft:swim_one_cm":299011,"minecraft:fly_one_cm":4089345,"minecraft:open_chest":1340,"minecraft:fall_one_cm":186683,"minecraft:animals_bred":10,"minecraft:damage_resisted":351,"minecraft:sprint_one_cm":3827046,"vampirism:interact_with_totem":1,"minecraft:drop":287,"minecraft:talked_to_villager":15,"minecraft:interact_with_brewingstand":1,"minecraft:walk_on_water_one_cm":184149,"vampirism:interact_with_research_table":2,"minecraft:player_kills":1,"minecraft:crouch_one_cm":58513,"minecraft:mob_kills":437,"minecraft:damage_dealt_resisted":4295,"minecraft:climb_one_cm":13956,"minecraft:walk_one_cm":5811230,"vampirism:skills_unlocked":6,"minecraft:walk_under_water_one_cm":336920,"minecraft:interact_with_grindstone":18,"minecraft:damage_taken":20816,"minecraft:trigger_trapped_chest":4,"vampirism:defend_village":3},"minecraft:crafted":{"minecraft:black_dye":1,"minecraft:smooth_stone":3,"vampirism:injection_garlic":1,"quark:birch_chest":2,"minecraft:birch_slab":6,"waystones:waystone":1,"minecraft:zombie_head":3,"vampirism:med_chair":1,"minecraft:bookshelf":15,"minecraft:cooked_mutton":26,"minecraft:glass":64,"minecraft:quartz_block":2,"ars_nouveau:blank_thread":1,"minecraft:diamond_helmet":1,"minecraft:diamond_leggings":1,"apotheosis:ender_lead":2,"minecraft:iron_door":3,"vampirism:stake":5,"ars_nouveau:apprentice_spell_book":1,"ars_nouveau:ring_of_potential":1,"minecraft:emerald":70,"minecraft:cooked_porkchop":21,"minecraft:diamond_axe":1,"ars_nouveau:source_jar":2,"minecraft:fletching_table":2,"epicfight:iron_longsword":1,"minecraft:hay_block":9,"waystones:warp_stone":2,"minecraft:lectern":1,"minecraft:wooden_hoe":1,"quark:oak_chest":11,"quark:framed_glass_pane":16,"minecraft:iron_pickaxe":1,"minecraft:iron_block":3,"minecraft:gold_ingot":56,"ars_nouveau:arcane_pedestal":13,"ars_nouveau:volcanic_sourcelink":1,"minecraft:iron_nugget":18,"mca:bouquet":2,"minecraft:bone_meal":48,"minecraft:lantern":1,"ars_nouveau:novice_spell_book":1,"minecraft:diamond_boots":1,"minecraft:wheat":336,"minecraft:firework_star":1,"mca:engagement_ring":1,"epicfight:diamond_longsword":1,"minecraft:enchanting_table":1,"sophisticatedbackpacks:gold_backpack":1,"minecraft:enchanted_book":2,"ars_nouveau:sourcestone":64,"minecraft:fermented_spider_eye":1,"minecraft:iron_shovel":1,"minecraft:white_bed":7,"ars_nouveau:mundane_belt":1,"minecraft:oak_planks":1120,"ars_nouveau:archwood_planks":388,"minecraft:cooked_chicken":12,"minecraft:stone":17,"minecraft:bow":4,"minecraft:oak_button":2,"ars_nouveau:enchanting_apparatus":1,"minecraft:stone_bricks":4,"minecraft:smoker":1,"ars_nouveau:dull_trinket":1,"minecraft:arrow":128,"sophisticatedbackpacks:backpack":1,"ars_nouveau:arcane_core":1,"minecraft:crafting_table":9,"minecraft:baked_potato":10,"minecraft:birch_planks":124,"farmersdelight:fried_egg":27,"minecraft:diamond_pickaxe":2,"minecraft:charcoal":20,"minecraft:shield":2,"ars_nouveau:archwood_chest":2,"minecraft:birch_fence":39,"minecraft:stick":1892,"minecraft:iron_ingot":99,"ars_nouveau:scribes_table":2,"minecraft:oak_door":6,"mca:blueprint":1,"ars_nouveau:magebloom_fiber":28,"minecraft:furnace":4,"minecraft:blast_furnace":1,"quark:framed_glass":8,"ars_nouveau:archwood_slab":24,"minecraft:flint_and_steel":1,"vampirism:injection_empty":1,"minecraft:polished_deepslate":1172,"minecraft:iron_axe":2,"quark:birch_bookshelf":1,"sophisticatedbackpacks:iron_backpack":1,"minecraft:cooked_beef":30,"minecraft:sugar":3,"ars_nouveau:source_gem":48,"minecraft:diamond_sword":2,"ars_nouveau:imbuement_chamber":3,"minecraft:iron_sword":2,"minecraft:cooked_salmon":10,"scalinghealth:heart_crystal":7,"minecraft:bucket":1,"minecraft:bread":126,"minecraft:air":0,"minecraft:blue_dye":1,"minecraft:oak_boat":4,"minecraft:gold_nugget":72,"minecraft:anvil":1,"ars_nouveau:alteration_table":1,"minecraft:torch":128,"mca:wedding_ring":1,"minecraft:diamond_chestplate":1},"minecraft:killed_by":{"irons_spellbooks:necromancer":1},"minecraft:dropped":{"minecraft:iron_sword":3,"ars_nouveau:novice_spell_book":1,"minecraft:lapis_lazuli":2,"minecraft:glass_bottle":1,"minecraft:diamond":7,"minecraft:crafting_table":1,"ars_nouveau:abjuration_essence":1,"minecraft:cracked_stone_bricks":1,"epicfight:stray_hat":7,"minecraft:leather_helmet":1,"minecraft:dirt":43,"minecraft:birch_fence":10,"minecraft:sunflower":8,"minecraft:sand":3,"minecraft:iron_pickaxe":1,"minecraft:sugar":1,"spartanweaponry:iron_dagger":1,"minecraft:white_wool":2,"minecraft:bone":79,"minecraft:oak_door":2,"minecraft:stone_axe":1,"minecraft:sugar_cane":12,"minecraft:iron_nugget":19,"ars_nouveau:apprentice_spell_book":1,"minecraft:golden_chestplate":4,"minecraft:cobbled_deepslate":96,"minecraft:wheat":2,"minecraft:obsidian":1,"minecraft:rotten_flesh":18,"minecraft:oak_planks":33,"minecraft:firework_star":1,"quark:hollow_oak_log":4,"minecraft:quartz_block":1,"minecraft:leather_boots":2,"farmersdelight:rope":2,"mca:book_infection":1,"minecraft:egg":1,"minecraft:enchanted_book":2,"minecraft:golden_boots":4,"minecraft:wheat_seeds":9,"minecraft:clock":1,"minecraft:iron_helmet":4,"minecraft:cobblestone":87,"ars_nouveau:purple_archwood_log":269,"minecraft:chainmail_helmet":1,"minecraft:coal":4,"minecraft:crimson_stairs":4,"minecraft:potion":1,"minecraft:chainmail_leggings":3,"minecraft:string":13,"born_in_chaos_v1:rotten_fish":1,"minecraft:iron_boots":4,"minecraft:nether_bricks":1,"minecraft:spruce_planks":2,"minecraft:diamond_pickaxe":1,"minecraft:stone_pressure_plate":1,"minecraft:stone_bricks":7,"minecraft:spider_eye":4,"minecraft:bow":9,"epicfight:skillbook":6,"ars_nouveau:air_essence":1,"minecraft:oak_log":2,"minecraft:large_amethyst_bud":1,"minecraft:baked_potato":3,"epicfight:diamond_longsword":1,"relics:jellyfish_necklace":1,"minecraft:lantern":1,"minecraft:leather":4,"minecraft:birch_slab":2,"minecraft:flint":1,"minecraft:cornflower":1,"gravestone:obituary":1,"epicfight:stray_robe":8,"minecraft:gravel":132,"ars_nouveau:purple_archwood_sapling":18,"minecraft:beetroot":4,"minecraft:cooked_mutton":12,"minecraft:chainmail_chestplate":1,"minecraft:poppy":1,"minecraft:leather_chestplate":1,"minecraft:gunpowder":1,"minecraft:beetroot_seeds":6,"minecraft:arrow":84,"minecraft:netherrack":5,"minecraft:water_bucket":1,"minecraft:bread":1,"minecraft:golden_helmet":4,"minecraft:lead":1,"scalinghealth:heart_crystal_shard":8,"minecraft:stick":89,"mca:book_romance":1,"minecraft:diorite":25,"minecraft:torch":7,"minecraft:iron_door":1,"minecraft:iron_leggings":4,"epicfight:stone_greatsword":2,"irons_spellbooks:frozen_bone":47,"minecraft:bucket":2,"epicfight:stray_pants":7,"ars_nouveau:wilden_wing":3,"minecraft:dandelion":3,"minecraft:smooth_basalt":4,"minecraft:redstone":225,"minecraft:raw_copper":8,"ars_nouveau:archwood_planks":2,"minecraft:tuff":142,"iceandfire:witherbone":10,"minecraft:flint_and_steel":1,"minecraft:iron_chestplate":3,"minecraft:andesite":18,"minecraft:mossy_stone_bricks":1,"minecraft:oak_boat":1,"minecraft:oak_sapling":50,"minecraft:slime_ball":3,"minecraft:calcite":4},"minecraft:killed":{"vampirism:vampire":26,"minecraft:cave_spider":5,"vampirism:advanced_vampire":2,"born_in_chaos_v1:skeleton_demoman":1,"minecraft:skeleton":79,"vampirism:blinding_bat":1,"minecraft:chicken":29,"minecraft:salmon":12,"minecraft:iron_golem":1,"minecraft:zombie":53,"born_in_chaos_v1:corpse_fly":1,"minecraft:cow":13,"mca:male_zombie_villager":1,"minecraft:vindicator":2,"born_in_chaos_v1:dire_hound_leader":1,"cataclysm:deepling_angler":1,"minecraft:husk":1,"born_in_chaos_v1:decrepit_skeleton":2,"minecraft:enderman":20,"minecraft:spider":10,"grimoireofgaia:minotaurus":1,"irons_spellbooks:summoned_skeleton":1,"minecraft:pig":15,"minecraft:creeper":4,"vampirism:hunter":4,"minecraft:sheep":28,"grimoireofgaia:harpy":2,"minecraft:stray":63,"irons_spellbooks:summoned_zombie":4,"minecraft:phantom":6,"born_in_chaos_v1:corpse_fish":2,"cataclysm:lionfish":1,"born_in_chaos_v1:baby_skeleton":1,"quark:foxhound":1,"minecraft:bat":1,"minecraft:squid":1,"minecraft:wither_skeleton":14},"minecraft:mined":{"minecraft:white_bed":5,"vampirism:hunter_table":1,"minecraft:oxeye_daisy":5,"minecraft:spawner":42,"minecraft:mossy_cobblestone_stairs":1,"minecraft:cobbled_deepslate":8,"minecraft:fire":2,"minecraft:fletching_table":9,"minecraft:deepslate_lapis_ore":1,"minecraft:enchanting_table":1,"minecraft:dirt_path":1,"scalinghealth:deepslate_power_crystal_ore":7,"minecraft:potted_brown_mushroom":1,"minecraft:smoker":4,"minecraft:amethyst_cluster":12,"scalinghealth:deepslate_heart_crystal_ore":6,"minecraft:torch":40,"minecraft:blast_furnace":2,"minecraft:sugar_cane":7,"minecraft:crimson_stairs":4,"minecraft:amethyst_block":116,"minecraft:skeleton_skull":1,"minecraft:wheat":16,"minecraft:stone_brick_stairs":2,"minecraft:grass":40,"minecraft:smooth_basalt":8,"minecraft:deepslate":72,"minecraft:suspicious_gravel":1,"minecraft:mossy_cobblestone":1,"minecraft:jack_o_lantern":1,"minecraft:red_mushroom":1,"minecraft:mossy_stone_brick_stairs":2,"minecraft:vine":3,"irons_spellbooks:inscription_table":1,"minecraft:glass_pane":1,"minecraft:dandelion":15,"minecraft:cornflower":1,"ars_nouveau:purple_archwood_sapling":1,"minecraft:tall_grass":5,"ars_nouveau:source_jar":7,"minecraft:deepslate_gold_ore":3,"ars_nouveau:arcane_pedestal":6,"minecraft:zombie_head":3,"minecraft:sunflower":8,"minecraft:gravel":166,"minecraft:stone_bricks":4,"ars_nouveau:imbuement_chamber":2,"minecraft:large_amethyst_bud":2,"minecraft:stone_pressure_plate":4,"minecraft:spruce_planks":2,"minecraft:oak_sapling":1,"minecraft:brewing_stand":2,"minecraft:budding_amethyst":3,"minecraft:grass_block":9,"minecraft:composter":1,"minecraft:glowstone":2,"minecraft:iron_ore":11,"minecraft:pointed_dripstone":8,"minecraft:iron_bars":3,"minecraft:quartz_block":5,"minecraft:calcite":11,"minecraft:poppy":1,"minecraft:cobblestone":4,"minecraft:grindstone":3,"minecraft:oak_planks":12,"minecraft:iron_door":6,"minecraft:wall_torch":21,"minecraft:stone_stairs":1,"vampirism:med_chair":1,"minecraft:tnt":4,"minecraft:oak_log":84,"minecraft:dirt":7,"vampirism:dark_stone_bricks":1,"minecraft:tuff":3,"minecraft:deepslate_diamond_ore":85,"minecraft:candle":5,"minecraft:oak_door":2,"gravestone:gravestone":1,"ars_nouveau:volcanic_sourcelink":2,"minecraft:hay_block":39,"ars_nouveau:magebloom_crop":1,"minecraft:furnace":1,"minecraft:polished_deepslate":36,"minecraft:bookshelf":38,"minecraft:deepslate_iron_ore":7,"minecraft:lantern":1,"minecraft:stone":28,"ars_nouveau:purple_archwood_log":499,"minecraft:crafting_table":8,"minecraft:sculk_sensor":2,"minecraft:lectern":12,"vampirism:cracked_dark_stone_bricks":1,"minecraft:sculk":1,"minecraft:lime_bed":2,"ars_nouveau:purple_archwood_leaves":7,"minecraft:yellow_bed":4,"minecraft:coal_ore":12,"minecraft:cracked_stone_bricks":5,"minecraft:mossy_stone_bricks":3}},"DataVersion":3465}