{"stats":{"minecraft:broken":{"minecraft:diamond_boots":1,"minecraft:diamond_pickaxe":1,"minecraft:iron_sword":1,"minecraft:iron_helmet":1},"minecraft:killed":{"vampirism:vampire":4,"minecraft:cave_spider":8,"minecraft:spider":8,"minecraft:vindicator":1,"minecraft:bat":1,"minecraft:creeper":1,"minecraft:skeleton":15,"minecraft:zombie":15,"minecraft:stray":8,"minecraft:wither_skeleton":8},"minecraft:dropped":{"minecraft:spawner":2,"minecraft:iron_sword":1,"minecraft:golden_helmet":1,"minecraft:cobblestone":10,"minecraft:diamond_shovel":1,"minecraft:granite":8,"wom:diamond_legtopseal":1,"patchouli:guide_book":2,"ars_nouveau:worn_notebook":1,"minecraft:gunpowder":5,"vampirism:vampire_fang":1,"minecraft:diamond_chestplate":1,"ars_nouveau:music_disc_thistle_the_sound_of_glass":3,"minecraft:mossy_stone_bricks":1,"apotheosis:gem":4,"minecraft:chainmail_boots":2,"minecraft:iron_leggings":1,"gravestone:obituary":27,"minecraft:iron_bars":2,"minecraft:arrow":4,"minecraft:chainmail_leggings":3,"relics:spatial_sign":1,"minecraft:bone":16},"minecraft:crafted":{"minecraft:crafting_table":2,"minecraft:wooden_pickaxe":1,"minecraft:birch_planks":28,"minecraft:stick":12},"minecraft:custom":{"minecraft:interact_with_furnace":1,"minecraft:mob_kills":72,"minecraft:interact_with_crafting_table":3,"minecraft:damage_dealt_resisted":2152,"minecraft:eat_cake_slice":5,"minecraft:leave_game":3,"minecraft:time_since_death":1560,"minecraft:sleep_in_bed":2,"minecraft:damage_resisted":0,"minecraft:climb_one_cm":12725,"minecraft:time_since_rest":1589,"minecraft:damage_absorbed":258,"minecraft:damage_taken":8929,"minecraft:sprint_one_cm":979983,"minecraft:walk_one_cm":401367,"minecraft:drop":74,"minecraft:damage_dealt":16183,"minecraft:damage_dealt_absorbed":1000,"minecraft:fly_one_cm":57490,"minecraft:open_chest":127,"minecraft:crouch_one_cm":1055,"minecraft:play_time":91775,"minecraft:sneak_time":174,"minecraft:deaths":15,"minecraft:jump":366,"minecraft:total_world_time":91775,"minecraft:fall_one_cm":10192},"minecraft:picked_up":{"minecraft:birch_log":7,"minecraft:lime_bed":1,"epicfight:stone_spear":1,"minecraft:air":0,"minecraft:chainmail_boots":2,"iceandfire:witherbone":7,"minecraft:turtle_helmet":1,"minecraft:potion":1,"gravestone:obituary":12,"minecraft:gunpowder":7,"scalinghealth:heart_crystal":2,"minecraft:string":10,"minecraft:spawner":8,"minecraft:iron_leggings":2,"minecraft:bone":34,"minecraft:gold_nugget":12,"wom:emerald_anklebracelet":1,"minecraft:mossy_stone_bricks":1,"minecraft:iron_nugget":6,"minecraft:chest":1,"minecraft:iron_sword":2,"minecraft:mossy_stone_brick_stairs":1,"minecraft:tipped_arrow":4,"minecraft:golden_helmet":1,"apotheosis:gem":7,"irons_spellbooks:frozen_bone":13,"patchouli:guide_book":1,"epicfight:skillbook":4,"minecraft:nether_brick_stairs":2,"vampirism:vampire_fang":2,"ars_nouveau:music_disc_thistle_the_sound_of_glass":3,"minecraft:spider_eye":5,"minecraft:diamond_shovel":1,"minecraft:arrow":16,"minecraft:rotten_flesh":17,"minecraft:diamond_chestplate":1,"wom:diamond_legtopseal":3,"minecraft:nether_bricks":7,"relics:spatial_sign":2,"minecraft:chainmail_leggings":3,"minecraft:diamond_boots":1,"minecraft:granite":9,"minecraft:mossy_cobblestone_stairs":2,"scalinghealth:cursed_heart":1,"minecraft:chainmail_helmet":1,"minecraft:bread":2,"minecraft:emerald":1,"minecraft:iron_bars":24,"minecraft:cobblestone":10},"minecraft:used":{"minecraft:trident":11,"minecraft:cooked_mutton":1,"epicfight:skillbook":10,"minecraft:iron_bars":5,"minecraft:diamond_boots":1,"minecraft:wooden_pickaxe":3,"minecraft:leather_chestplate":1,"minecraft:iron_sword":250,"minecraft:rotten_flesh":41,"minecraft:torch":53,"minecraft:golden_apple":8,"scalinghealth:heart_crystal":2,"minecraft:lime_bed":1,"minecraft:crafting_table":2,"minecraft:granite":1,"minecraft:diamond_pickaxe":37,"minecraft:apple":4,"scalinghealth:enchanted_heart":1,"minecraft:iron_axe":102,"minecraft:iron_pickaxe":93,"minecraft:leather_helmet":1,"minecraft:diamond_sword":40,"wom:emerald_anklebracelet":1,"minecraft:potato":3},"minecraft:mined":{"minecraft:mossy_cobblestone":1,"gravestone:gravestone":14,"minecraft:nether_bricks":11,"minecraft:granite":5,"minecraft:diorite":1,"minecraft:spawner":71,"minecraft:lime_bed":1,"minecraft:mossy_cobblestone_stairs":2,"minecraft:birch_log":7,"minecraft:nether_brick_stairs":5,"minecraft:stone_brick_stairs":1,"minecraft:grass":3,"minecraft:mossy_stone_brick_stairs":1,"minecraft:vine":12,"minecraft:iron_bars":26,"minecraft:stone_bricks":3,"minecraft:stone":5,"minecraft:mossy_stone_bricks":3},"minecraft:killed_by":{"minecraft:wither_skeleton":2,"minecraft:skeleton":5,"minecraft:creeper":2,"minecraft:zombie":5}},"DataVersion":3465}