{"stats":{"minecraft:broken":{"minecraft:iron_boots":2,"minecraft:iron_chestplate":4,"minecraft:iron_leggings":3,"minecraft:chainmail_boots":2,"minecraft:chainmail_leggings":1,"minecraft:chainmail_helmet":1,"minecraft:iron_helmet":2,"minecraft:turtle_helmet":2,"minecraft:iron_shovel":1,"onlyhammersandexcavators:stone_hammer":1},"minecraft:custom":{"minecraft:interact_with_crafting_table":54,"minecraft:open_barrel":64,"minecraft:bell_ring":7,"minecraft:eat_cake_slice":18,"minecraft:leave_game":24,"minecraft:time_since_death":66,"minecraft:damage_blocked_by_shield":3040,"minecraft:play_time":2937962,"minecraft:deaths":29,"minecraft:jump":11696,"minecraft:enchant_item":14,"minecraft:interact_with_furnace":39,"minecraft:play_record":13,"minecraft:traded_with_villager":41,"minecraft:interact_with_cartography_table":1,"minecraft:sleep_in_bed":18,"minecraft:waystone_activated":6,"minecraft:damage_dealt":232473,"minecraft:interact_with_smoker":3,"minecraft:inspect_dispenser":1,"minecraft:horse_one_cm":2088,"minecraft:interact_with_smithing_table":3,"minecraft:interact_with_anvil":38,"minecraft:inspect_hopper":1,"minecraft:damage_dealt_absorbed":4801,"minecraft:sneak_time":34759,"minecraft:interact_with_lectern":3,"minecraft:interact_with_blast_furnace":12,"minecraft:total_world_time":2937962,"vampirism:interact_with_injection_chair":5,"minecraft:time_since_rest":94,"minecraft:swim_one_cm":39751,"minecraft:fly_one_cm":18677827,"minecraft:open_chest":831,"minecraft:fall_one_cm":415354,"minecraft:damage_resisted":1291,"vampirism:interact_with_throne":12,"minecraft:sprint_one_cm":6217060,"vampirism:interact_with_totem":1,"minecraft:drop":340,"minecraft:talked_to_villager":16,"minecraft:interact_with_brewingstand":2,"minecraft:walk_on_water_one_cm":49261,"vampirism:interact_with_research_table":4,"minecraft:open_enderchest":4,"minecraft:player_kills":3,"minecraft:crouch_one_cm":74753,"minecraft:mob_kills":619,"minecraft:fill_cauldron":3,"minecraft:damage_dealt_resisted":88889,"minecraft:climb_one_cm":31300,"vampirism:interact_alchemical_cauldron":1,"minecraft:walk_one_cm":7079851,"minecraft:walk_under_water_one_cm":114117,"minecraft:interact_with_grindstone":1,"minecraft:damage_taken":62698,"minecraft:damage_absorbed":1600,"minecraft:trigger_trapped_chest":3},"minecraft:used":{"minecraft:moss_block":2,"minecraft:nether_brick_fence":60,"minecraft:writable_book":1,"minecraft:spruce_slab":16,"minecraft:poppy":1,"minecraft:chest":6,"minecraft:stone":205,"farmersdelight:light_gray_hanging_canvas_sign":1,"minecraft:red_nether_brick_stairs":179,"minecraft:warped_sign":16,"minecraft:rotten_flesh":218,"ironchest:iron_chest":1,"minecraft:lava_bucket":10,"minecraft:warped_hyphae":23,"minecraft:red_wool":164,"minecraft:black_stained_glass_pane":8,"etched:etching_table":2,"minecraft:grass_block":1065,"hole_filler_mod:throwable_hole_filler_balanced_slice":153,"minecraft:quartz_block":1,"minecraft:dark_oak_slab":100,"minecraft:stone_brick_stairs":876,"minecraft:bow":130,"minecraft:oak_sapling":19,"minecraft:furnace":10,"minecraft:egg":1,"minecraft:potato":34,"minecraft:damaged_anvil":1,"minecraft:diorite":14,"minecraft:cow_spawn_egg":8,"minecraft:spruce_door":8,"minecraft:wooden_pickaxe":2,"minecraft:oak_leaves":35,"minecraft:golden_apple":56,"minecraft:blast_furnace":5,"scalinghealth:enchanted_heart":4,"minecraft:gray_stained_glass_pane":4,"born_in_chaos_v1:monster_flesh":1,"minecraft:cyan_carpet":28,"minecraft:lectern":6,"spartanweaponry:diamond_greatsword":87,"minecraft:soul_lantern":20,"minecraft:diamond_sword":864,"minecraft:smithing_table":2,"minecraft:white_stained_glass":6,"quark:blue_nether_bricks":14,"minecraft:oak_trapdoor":4,"minecraft:iron_bars":3,"minecraft:carved_pumpkin":10,"minecraft:armor_stand":9,"minecraft:stripped_warped_stem":92,"hole_filler_mod:throwable_hole_filler_balanced":14,"quark:spruce_bookshelf":2,"minecraft:netherrack":6,"minecraft:torch":221,"minecraft:anvil":9,"minecraft:chainmail_chestplate":2,"minecraft:nether_brick_slab":67,"quark:cherry_bookshelf":13,"minecraft:nether_brick_stairs":57,"minecraft:oak_fence_gate":2,"iceandfire:gold_pile":96,"minecraft:shroomlight":1222,"born_in_chaos_v1:supreme_measure":115,"minecraft:chipped_anvil":6,"minecraft:iron_block":49,"minecraft:iron_axe":228,"etched:etched_music_disc":13,"minecraft:warped_fence":73,"minecraft:chicken_spawn_egg":9,"onlyhammersandexcavators:iron_excavator":165,"minecraft:totem_of_undying":1,"minecraft:warped_stairs":3,"minecraft:beef":10,"minecraft:iron_trapdoor":32,"minecraft:trapped_chest":8,"onlyhammersandexcavators:obsidian_hammer":484,"minecraft:wheat_seeds":89,"minecraft:water_bucket":101,"minecraft:warped_hanging_sign":2,"minecraft:cauldron":4,"minecraft:sheep_spawn_egg":5,"minecraft:mossy_cobblestone":1,"minecraft:oak_slab":243,"minecraft:crafting_table":15,"minecraft:red_bed":49,"minecraft:spruce_log":1,"minecraft:oak_log":379,"minecraft:diamond_pickaxe":2266,"minecraft:warped_trapdoor":4,"minecraft:diamond_shovel":1075,"minecraft:iron_pickaxe":133,"minecraft:pig_spawn_egg":14,"minecraft:spruce_trapdoor":5,"minecraft:chiseled_stone_bricks":417,"minecraft:cobblestone":1000,"minecraft:potion":6,"minecraft:porkchop":11,"minecraft:warped_fence_gate":4,"minecraft:glass_pane":209,"quark:nether_brick_chest":20,"minecraft:stripped_oak_log":53,"minecraft:dandelion":1,"minecraft:jukebox":2,"epicfight:uchigatana":178,"wom:satsujin":12,"minecraft:iron_shovel":871,"minecraft:light_gray_stained_glass_pane":14,"vampirism:advanced_vampire_spawn_egg":22,"minecraft:shield":19,"farmersdelight:stove":1,"minecraft:grass":102,"minecraft:bell":5,"minecraft:iron_chestplate":2,"minecraft:nether_bricks":5026,"minecraft:carrot":128,"minecraft:obsidian":32,"farmersdelight:roast_chicken":1,"wom:agony":3,"minecraft:spruce_wood":187,"minecraft:lantern":4,"minecraft:dark_oak_wood":42,"minecraft:iron_helmet":1,"onlyhammersandexcavators:stone_hammer":650,"minecraft:stone_bricks":9926,"minecraft:red_carpet":7,"minecraft:magma_block":210,"minecraft:hay_block":23,"minecraft:scaffolding":1,"ironchest:obsidian_chest":4,"ars_nouveau:sourceberry_bush":2,"minecraft:golden_boots":1,"ars_nouveau:red_sbed":19,"minecraft:dark_oak_stairs":106,"epicfight:skillbook":12,"minecraft:stone_pickaxe":48,"minecraft:oak_planks":1003,"minecraft:ender_pearl":1,"minecraft:white_wool":72,"vampirism:cursed_spruce_door":5,"etched:album_jukebox":1,"minecraft:crossbow":1,"minecraft:stone_brick_wall":18,"waystones:waystone":3,"quark:blackstone_furnace":1,"minecraft:dark_oak_log":80,"minecraft:heavy_weighted_pressure_plate":6,"quark:gold_bars":1,"minecraft:bread":6,"minecraft:warped_slab":278,"quark:vertical_warped_planks":121,"minecraft:gravel":91,"minecraft:golden_helmet":1,"minecraft:grindstone":1,"minecraft:cooked_rabbit":3,"minecraft:andesite":3,"minecraft:chain":42,"minecraft:cobweb":11,"minecraft:golden_pickaxe":1,"minecraft:experience_bottle":104,"minecraft:oak_fence":131,"minecraft:netherite_sword":6,"minecraft:flint_and_steel":31,"quark:calcite_bricks":442,"minecraft:spruce_planks":91,"minecraft:oak_door":10,"minecraft:dirt":6606,"minecraft:red_nether_brick_slab":772,"scalinghealth:heart_crystal":55,"minecraft:spruce_stairs":71,"minecraft:warped_door":1,"minecraft:oak_wood":565,"vampirism:throne":3,"minecraft:granite":9,"minecraft:spruce_fence":22,"minecraft:dark_oak_planks":411,"minecraft:birch_door":5,"minecraft:iron_hoe":243,"minecraft:stone_brick_slab":231,"minecraft:wooden_axe":1,"minecraft:light_gray_stained_glass":2,"minecraft:bookshelf":21,"minecraft:oak_stairs":1453,"minecraft:crimson_slab":4,"epicfight:diamond_tachi":437,"scalinghealth:power_crystal":39,"minecraft:crimson_planks":162,"ironchest:gold_chest":4,"minecraft:stone_pressure_plate":4,"minecraft:cooked_beef":70,"iceandfire:fire_dragon_flesh":1,"minecraft:cobblestone_stairs":62,"minecraft:snow_block":7,"minecraft:polished_andesite":7,"minecraft:baked_potato":13,"minecraft:red_nether_bricks":1944,"born_in_chaos_v1:dark_stained_glass_panel":363,"scalinghealth:chance_heart":6,"quark:shiba_spawn_egg":1,"minecraft:chiseled_nether_bricks":56,"spartanweaponry:dynamite":36,"minecraft:lime_bed":5,"minecraft:painting":29,"minecraft:warped_planks":9,"minecraft:apple":19,"minecraft:chicken":4,"minecraft:netherite_axe":13,"minecraft:cracked_nether_bricks":5,"iceandfire:spawn_egg_troll":2,"vampirism:cursed_spruce_trapdoor":27,"vampirism:vampire_baron_spawn_egg":16,"minecraft:turtle_helmet":1,"minecraft:bucket":5},"minecraft:crafted":{"sophisticatedbackpacks:anvil_upgrade":1,"minecraft:diamond_shovel":1,"sophisticatedbackpacks:crafting_upgrade":1,"minecraft:nether_brick":113,"minecraft:bookshelf":1,"sophisticatedbackpacks:smelting_upgrade":1,"vampirism:throne":1,"minecraft:emerald":23,"minecraft:smithing_table":1,"minecraft:red_nether_bricks":144,"minecraft:lectern":1,"quark:oak_chest":2,"minecraft:iron_block":12,"minecraft:gold_ingot":7,"minecraft:jukebox":1,"onlyhammersandexcavators:obsidian_excavator":1,"sophisticatedbackpacks:jukebox_upgrade":1,"minecraft:white_carpet":3,"minecraft:ender_pearl":3,"sophisticatedbackpacks:gold_backpack":2,"onlyhammersandexcavators:iron_excavator":1,"minecraft:red_carpet":3,"minecraft:golden_apple":14,"minecraft:oak_planks":44,"onlyhammersandexcavators:obsidian_hammer":1,"onlyhammersandexcavators:stone_hammer":1,"minecraft:oak_slab":6,"sophisticatedbackpacks:backpack":2,"minecraft:crafting_table":6,"minecraft:wooden_pickaxe":1,"sophisticatedbackpacks:upgrade_base":3,"sophisticatedbackpacks:diamond_backpack":2,"minecraft:stick":4,"minecraft:iron_ingot":22,"minecraft:coal":18,"minecraft:redstone":6,"minecraft:iron_hoe":1,"sophisticatedbackpacks:iron_backpack":2,"minecraft:red_dye":6,"minecraft:diamond_sword":1,"minecraft:nether_bricks":28,"spartanweaponry:handle":1,"minecraft:air":0,"minecraft:anvil":3,"minecraft:lapis_lazuli":12},"minecraft:killed":{"vampirism:vampire":7,"minecraft:cave_spider":22,"vampirism:advanced_vampire":5,"born_in_chaos_v1:skeleton_demoman":1,"born_in_chaos_v1:baby_skeleton_minion":2,"minecraft:skeleton":97,"vampirism:blinding_bat":4,"grimoireofgaia:mimic":1,"minecraft:chicken":4,"vampirism:advanced_hunter":1,"born_in_chaos_v1:supreme_bonescaller_stage_2":1,"minecraft:skeleton_horse":1,"grimoireofgaia:flesh_lich":1,"minecraft:pillager":2,"minecraft:zombie":136,"grimoireofgaia:deathword":2,"born_in_chaos_v1:corpse_fly":2,"mca:male_villager":8,"born_in_chaos_v1:door_knight":1,"minecraft:cow":9,"mowziesmobs:naga":1,"minecraft:evoker":2,"minecraft:vindicator":2,"born_in_chaos_v1:skeleton_thrasher_not_despawn":1,"born_in_chaos_v1:seared_spirit_not_despawn":2,"born_in_chaos_v1:barrel_zombie":1,"born_in_chaos_v1:bone_imp_minion":7,"born_in_chaos_v1:decrepit_skeleton":2,"born_in_chaos_v1:bloody_gadfly":1,"iceandfire:ghost":4,"mca:female_villager":10,"minecraft:spider":67,"minecraft:silverfish":5,"born_in_chaos_v1:firelight_not_despawn":1,"minecraft:pig":10,"born_in_chaos_v1:diamond_termite":3,"grimoireofgaia:bone_knight":1,"irons_spellbooks:necromancer":4,"minecraft:creeper":6,"vampirism:hunter":54,"minecraft:sheep":5,"grimoireofgaia:harpy":1,"minecraft:stray":52,"minecraft:vex":2,"born_in_chaos_v1:maggot":12,"minecraft:phantom":3,"grimoireofgaia:ender_eye":1,"iceandfire:fire_dragon":1,"born_in_chaos_v1:baby_skeleton":3,"iceandfire:troll":2,"minecraft:bat":2,"born_in_chaos_v1:decaying_zombie":1,"born_in_chaos_v1:bonescaller_not_despawn":2,"grimoireofgaia:arachne":1,"minecraft:wither_skeleton":15},"minecraft:mined":{"irons_spellbooks:armor_pile":1,"minecraft:red_nether_bricks":224,"minecraft:potted_crimson_fungus":1,"minecraft:obsidian":27,"minecraft:granite":24,"born_in_chaos_v1:dark_metal_deposit":7,"minecraft:coal_block":31,"minecraft:chiseled_stone_bricks":1,"minecraft:spawner":295,"minecraft:magma_block":26,"minecraft:mossy_cobblestone_stairs":3,"minecraft:fire":2,"minecraft:barrel":1,"minecraft:nether_brick_stairs":108,"minecraft:dirt_path":94,"scalinghealth:deepslate_power_crystal_ore":1,"minecraft:iron_block":2,"ars_nouveau:light_block":1,"minecraft:torch":17,"minecraft:damaged_anvil":1,"minecraft:skeleton_skull":4,"minecraft:chain":1,"minecraft:stone_brick_stairs":4,"minecraft:grass":219,"minecraft:deepslate":1,"iceandfire:silver_ore":2,"minecraft:mossy_cobblestone":12,"minecraft:dark_oak_log":1,"minecraft:nether_bricks":1509,"minecraft:spruce_fence":1,"born_in_chaos_v1:black_argillite":32,"minecraft:moss_block":2,"minecraft:andesite":45,"minecraft:mossy_stone_brick_stairs":5,"minecraft:vine":51,"minecraft:white_wool":3,"minecraft:redstone_block":8,"minecraft:soul_sand":2,"minecraft:dandelion":8,"minecraft:tall_grass":43,"minecraft:diorite":19,"minecraft:coarse_dirt":1,"minecraft:gravel":65,"minecraft:dripstone_block":3,"minecraft:stone_bricks":28,"minecraft:chipped_anvil":5,"minecraft:stone_pressure_plate":3,"iceandfire:graveyard_soil":8,"minecraft:cobblestone_stairs":1,"minecraft:grass_block":1577,"vampirism:throne":1,"minecraft:iron_ore":55,"minecraft:anvil":2,"minecraft:azure_bluet":1,"minecraft:iron_bars":114,"minecraft:quartz_block":71,"minecraft:poppy":4,"iceandfire:ghost_chest":1,"minecraft:cobblestone":133,"minecraft:oak_planks":39,"minecraft:iron_door":4,"minecraft:wall_torch":13,"minecraft:nether_wart_block":76,"minecraft:oak_log":15,"minecraft:dirt":110,"minecraft:netherrack":171,"minecraft:oak_leaves":5,"born_in_chaos_v1:infected_diamond_ore":2,"minecraft:glow_lichen":1,"gravestone:gravestone":26,"minecraft:weeping_vines":1,"minecraft:hay_block":1,"minecraft:furnace":4,"minecraft:bookshelf":63,"minecraft:stone":304,"minecraft:crafting_table":7,"minecraft:spruce_stairs":1,"minecraft:lime_bed":6,"minecraft:coal_ore":24,"minecraft:cracked_stone_bricks":3,"minecraft:polished_andesite":7,"minecraft:mossy_stone_bricks":14},"minecraft:dropped":{"minecraft:iron_sword":1,"minecraft:cooked_beef":1,"minecraft:dark_oak_slab":1,"minecraft:crossbow":3,"minecraft:mossy_stone_brick_stairs":2,"iceandfire:ectoplasm":1,"minecraft:cracked_stone_bricks":3,"irons_spellbooks:tarnished_helmet":1,"minecraft:leather_helmet":1,"born_in_chaos_v1:monster_flesh":2,"minecraft:dirt":8,"minecraft:grass":1,"irons_spellbooks:arcane_essence":2,"minecraft:chain":1,"minecraft:gold_nugget":6,"minecraft:phantom_membrane":3,"minecraft:iron_pickaxe":1,"ars_nouveau:source_gem":5,"minecraft:bone":38,"minecraft:stone_axe":1,"minecraft:iron_nugget":8,"minecraft:nether_brick":1,"minecraft:wheat":4,"minecraft:rotten_flesh":98,"minecraft:oak_planks":67,"minecraft:tipped_arrow":63,"hole_filler_mod:throwable_hole_filler":1,"minecraft:quartz_block":2,"minecraft:leather_boots":4,"apotheosis:gem":8,"minecraft:leather_leggings":1,"mca:book_infection":2,"minecraft:stone_brick_stairs":8,"iceandfire:manuscript":1,"minecraft:enchanted_book":1,"minecraft:crimson_planks":1,"minecraft:golden_boots":2,"quark:vertical_warped_planks":2,"minecraft:wheat_seeds":32,"etched:etched_music_disc":3,"minecraft:dripstone_block":2,"minecraft:cobblestone":16,"minecraft:feather":14,"minecraft:iron_helmet":1,"minecraft:granite":7,"minecraft:polished_andesite":2,"minecraft:oxeye_daisy":1,"minecraft:cobweb":10,"born_in_chaos_v1:black_argillite":10,"iceandfire:copper_nugget":8,"minecraft:diamond_helmet":1,"minecraft:potion":4,"quark:calcite_bricks":1,"minecraft:iron_shovel":2,"minecraft:string":213,"sophisticatedbackpacks:pickup_upgrade":1,"minecraft:stone_brick_slab":1,"minecraft:stone_shovel":1,"epicfight:diamond_tachi":1,"minecraft:chicken":1,"minecraft:iron_boots":1,"sophisticatedbackpacks:backpack":1,"minecraft:nether_bricks":17,"scalinghealth:power_crystal_shard":3,"minecraft:spruce_fence":1,"minecraft:potato":23,"minecraft:shroomlight":64,"minecraft:spruce_trapdoor":3,"minecraft:diamond_pickaxe":1,"iceandfire:silver_ingot":3,"hole_filler_mod:throwable_hole_filler_smart":2,"minecraft:stone_bricks":4,"minecraft:spider_eye":17,"minecraft:bell":2,"hole_filler_mod:throwable_hole_filler_balanced_slice":1,"epicfight:skillbook":4,"minecraft:nether_brick_stairs":4,"minecraft:soul_sand":1,"minecraft:dark_oak_stairs":1,"minecraft:golden_pickaxe":1,"minecraft:leather":2,"onlyhammersandexcavators:obsidian_excavator":1,"minecraft:flint":1,"iceandfire:graveyard_soil":2,"minecraft:cobblestone_stairs":1,"gravestone:obituary":41,"epicfight:stray_robe":1,"minecraft:gravel":42,"minecraft:crimson_fungus":1,"ars_nouveau:wilden_spike":3,"born_in_chaos_v1:fire_dust":1,"vampirism:blood_bottle":2,"minecraft:carrot":4,"patchouli:guide_book":2,"minecraft:chainmail_chestplate":2,"minecraft:chiseled_stone_bricks":2,"minecraft:poppy":1,"minecraft:leather_chestplate":1,"mca:villager_editor":1,"born_in_chaos_v1:seedof_chaos":1,"minecraft:gunpowder":5,"born_in_chaos_v1:corpse_maggot":3,"minecraft:iron_bars":24,"minecraft:netherrack":2,"minecraft:bread":2,"minecraft:golden_helmet":1,"minecraft:mossy_cobblestone":1,"minecraft:spruce_stairs":1,"minecraft:grass_block":2,"ars_nouveau:worn_notebook":1,"scalinghealth:heart_crystal":1,"minecraft:torch":10,"minecraft:polished_andesite_stairs":3,"minecraft:iron_axe":1,"irons_spellbooks:frozen_bone":15,"minecraft:redstone_block":2,"minecraft:dandelion":29,"epicfight:uchigatana":1,"minecraft:coarse_dirt":2,"minecraft:raw_iron":1,"wom:diamond_legtopseal":1,"minecraft:glass_pane":1,"minecraft:shield":1,"minecraft:andesite":35,"minecraft:mossy_stone_bricks":2,"minecraft:oak_sapling":7},"minecraft:picked_up":{"minecraft:iron_chestplate":4,"minecraft:chainmail_boots":4,"minecraft:anvil":2,"minecraft:diamond_sword":1,"minecraft:oak_stairs":15,"minecraft:enchanted_book":5,"minecraft:golden_shovel":1,"iceandfire:manuscript":1,"minecraft:string":295,"minecraft:red_nether_bricks":218,"minecraft:shroomlight":1,"minecraft:diamond_leggings":1,"minecraft:gold_nugget":27,"minecraft:coal_block":28,"minecraft:golden_helmet":6,"born_in_chaos_v1:shattered_skull":2,"iceandfire:lightning_dragon_flesh":2,"minecraft:golden_chestplate":1,"minecraft:stone_sword":1,"vampirism:blood_bottle":5,"grimoireofgaia:stone_coal":2,"minecraft:tropical_fish":1,"quark:calcite_bricks":1,"iceandfire:fire_dragon_heart":2,"minecraft:iron_block":2,"epicfight:stray_robe":6,"minecraft:iron_bars":116,"minecraft:magma_block":26,"minecraft:feather":21,"minecraft:cooked_beef":9,"born_in_chaos_v1:spiritual_dust":5,"minecraft:iron_door":5,"minecraft:flint":3,"minecraft:chipped_anvil":5,"minecraft:rabbit":1,"minecraft:diamond_helmet":1,"minecraft:moss_block":2,"quark:vertical_warped_planks":1,"iceandfire:dragon_skull_fire":2,"scalinghealth:enchanted_heart":1,"iceandfire:lightning_dragon_heart":1,"minecraft:fermented_spider_eye":1,"minecraft:barrel":1,"minecraft:polished_andesite":7,"minecraft:granite":17,"minecraft:chainmail_helmet":2,"iceandfire:troll_leather_forest":9,"sophisticatedbackpacks:gold_backpack":1,"minecraft:diamond_pickaxe":1,"iceandfire:dragon_skull_lightning":1,"minecraft:crafting_table":8,"minecraft:coarse_dirt":3,"iceandfire:witherbone":5,"minecraft:leather_leggings":1,"irons_spellbooks:tarnished_helmet":1,"born_in_chaos_v1:seedof_chaos":4,"minecraft:golden_pickaxe":1,"gravestone:obituary":23,"epicfight:stray_pants":5,"minecraft:cornflower":1,"epicfight:stray_hat":5,"minecraft:netherite_scrap":1,"minecraft:compass":1,"minecraft:iron_shovel":3,"minecraft:glass_pane":1,"iceandfire:graveyard_soil":2,"minecraft:cracked_stone_bricks":11,"minecraft:beef":10,"minecraft:iron_nugget":35,"minecraft:poppy":11,"minecraft:chest":2,"minecraft:birch_sapling":3,"minecraft:egg":4,"minecraft:oak_door":2,"minecraft:spruce_fence":2,"farmersdelight:tomato_seeds":3,"minecraft:carrot":12,"born_in_chaos_v1:pieceofdarkmetal":11,"minecraft:redstone":76,"minecraft:tnt":1,"minecraft:stone_shovel":1,"minecraft:peony":7,"minecraft:hay_block":1,"minecraft:warped_sign":2,"minecraft:totem_of_undying":1,"minecraft:mutton":3,"minecraft:white_wool":5,"minecraft:oxeye_daisy":3,"minecraft:lime_bed":6,"minecraft:red_mushroom":2,"minecraft:oak_log":32,"scalinghealth:bandages":3,"minecraft:golden_boots":4,"minecraft:paper":1,"minecraft:apple":8,"minecraft:stone_bricks":35,"minecraft:cobweb":11,"scalinghealth:power_crystal_shard":21,"minecraft:iron_sword":4,"minecraft:dark_oak_stairs":1,"minecraft:polished_andesite_stairs":3,"iceandfire:copper_nugget":8,"minecraft:dark_oak_slab":1,"born_in_chaos_v1:orbofthe_summoner":2,"minecraft:gravel":102,"minecraft:leather_helmet":1,"iceandfire:dragonscales_copper":17,"minecraft:stone_axe":3,"hole_filler_mod:throwable_hole_filler":1,"minecraft:gray_wool":1,"mca:book_infection":1,"minecraft:baked_potato":5,"minecraft:ender_pearl":4,"irons_spellbooks:scroll":1,"minecraft:wheat":23,"minecraft:redstone_block":7,"quark:music_disc_drips":1,"vampirism:throne":1,"minecraft:potion":5,"minecraft:nether_brick":35,"minecraft:stone_brick_stairs":10,"minecraft:crimson_planks":1,"born_in_chaos_v1:bloody_gadfly_eye":1,"born_in_chaos_v1:black_argillite":42,"irons_spellbooks:arcane_essence":8,"minecraft:rose_bush":6,"minecraft:iron_pickaxe":4,"minecraft:furnace":4,"minecraft:iron_boots":4,"minecraft:tipped_arrow":213,"minecraft:stick":29,"apotheosis:gem":34,"born_in_chaos_v1:flaming_evil_pumpkin":1,"minecraft:torch":86,"minecraft:spruce_stairs":1,"epicfight:skillbook":19,"minecraft:porkchop":11,"minecraft:diorite":18,"iceandfire:troll_weapon_column_forest":1,"minecraft:quartz_block":25,"etched:etched_music_disc":13,"minecraft:rotten_flesh":192,"minecraft:obsidian":29,"minecraft:cobblestone":423,"epicfight:stone_spear":1,"minecraft:leather_chestplate":5,"minecraft:lilac":2,"minecraft:andesite":40,"minecraft:golden_leggings":3,"minecraft:potato":5,"minecraft:lapis_lazuli":76,"minecraft:dirt":1353,"iceandfire:dragonscales_bronze":16,"minecraft:leather_boots":5,"minecraft:bone":200,"minecraft:bow":6,"ars_nouveau:source_gem":5,"minecraft:wheat_seeds":134,"minecraft:bell":4,"minecraft:mossy_stone_bricks":11,"minecraft:mossy_stone_brick_stairs":6,"minecraft:oak_planks":62,"irons_spellbooks:frozen_bone":81,"minecraft:nether_brick_stairs":107,"minecraft:grass_block":496,"minecraft:mossy_cobblestone":10,"born_in_chaos_v1:fire_dust":3,"minecraft:diamond":9,"minecraft:soul_lantern":1,"minecraft:crossbow":5,"minecraft:golden_apple":1,"minecraft:emerald":2,"minecraft:oak_sapling":62,"minecraft:netherrack":156,"minecraft:oak_leaves":1,"minecraft:charcoal":4,"born_in_chaos_v1:diamond_termite_shard":2,"minecraft:azure_bluet":4,"minecraft:chicken":5,"minecraft:ladder":12,"minecraft:turtle_helmet":3,"minecraft:brown_mushroom":2,"ars_nouveau:warp_scroll":2,"minecraft:diamond_horse_armor":2,"minecraft:chain":2,"minecraft:brick":6,"minecraft:shield":4,"minecraft:iron_axe":2,"minecraft:cyan_carpet":2,"scalinghealth:chance_heart":4,"minecraft:spruce_trapdoor":4,"minecraft:phantom_membrane":3,"iceandfire:dragonscales_gray":40,"minecraft:raw_iron":66,"iceandfire:dragonbone":26,"minecraft:iron_horse_armor":1,"minecraft:stone_pressure_plate":3,"iceandfire:silver_ingot":3,"minecraft:arrow":167,"minecraft:nether_bricks":1444,"minecraft:skeleton_skull":4,"born_in_chaos_v1:corpse_maggot":8,"hole_filler_mod:throwable_hole_filler_smart":1,"minecraft:air":0,"minecraft:leather":11,"minecraft:crimson_fungus":1,"minecraft:chainmail_chestplate":4,"iceandfire:ectoplasm":2,"minecraft:nether_wart_block":72,"minecraft:gunpowder":11,"minecraft:cobblestone_stairs":3,"scalinghealth:heart_crystal":14,"vampirism:human_heart":6,"quark:music_disc_crickets":1,"minecraft:iron_ingot":30,"iceandfire:fire_dragon_flesh":2,"minecraft:soul_sand":2,"minecraft:book":191,"minecraft:oak_slab":2,"scalinghealth:heart_crystal_shard":38,"minecraft:chiseled_stone_bricks":2,"minecraft:stone_brick_slab":1,"minecraft:dandelion":38,"minecraft:dripstone_block":2,"hole_filler_mod:throwable_hole_filler_balanced_slice":1,"minecraft:spider_eye":44,"ars_nouveau:wilden_spike":5,"epicfight:diamond_tachi":1,"minecraft:chainmail_leggings":2,"minecraft:iron_helmet":4,"minecraft:mossy_cobblestone_stairs":1,"minecraft:damaged_anvil":1,"minecraft:coal":633},"minecraft:killed_by":{"minecraft:pillager":1,"irons_spellbooks:citadel_keeper":1,"minecraft:vex":1,"born_in_chaos_v1:baby_skeleton_minion":1,"minecraft:stray":4,"minecraft:evoker":1,"minecraft:wither_skeleton":2,"born_in_chaos_v1:bone_imp_minion":1,"grimoireofgaia:bone_knight":2,"minecraft:cave_spider":2,"iceandfire:fire_dragon":1,"mowziesmobs:ferrous_wroughtnaut":1,"minecraft:skeleton":7,"irons_spellbooks:archevoker":1}},"DataVersion":3465}