{"stats":{"minecraft:broken":{"minecraft:iron_shovel":1,"minecraft:iron_boots":2,"minecraft:iron_chestplate":4,"minecraft:iron_leggings":2,"minecraft:chainmail_boots":2,"minecraft:chainmail_leggings":1,"minecraft:chainmail_helmet":1,"onlyhammersandexcavators:stone_hammer":1,"minecraft:iron_helmet":2,"minecraft:turtle_helmet":1},"minecraft:custom":{"minecraft:interact_with_crafting_table":42,"minecraft:open_barrel":34,"minecraft:bell_ring":7,"minecraft:eat_cake_slice":18,"minecraft:leave_game":22,"minecraft:time_since_death":7121,"minecraft:damage_resisted":1291,"vampirism:interact_with_throne":12,"minecraft:sprint_one_cm":5349244,"minecraft:damage_blocked_by_shield":3040,"minecraft:drop":292,"vampirism:interact_with_totem":1,"minecraft:talked_to_villager":16,"minecraft:play_time":2799694,"minecraft:deaths":25,"minecraft:jump":10631,"minecraft:interact_with_brewingstand":1,"minecraft:walk_on_water_one_cm":46970,"minecraft:enchant_item":3,"minecraft:interact_with_furnace":36,"minecraft:play_record":13,"minecraft:traded_with_villager":41,"minecraft:interact_with_cartography_table":1,"vampirism:interact_with_research_table":3,"minecraft:sleep_in_bed":18,"minecraft:waystone_activated":6,"minecraft:open_enderchest":4,"minecraft:damage_dealt":189999,"minecraft:player_kills":1,"minecraft:crouch_one_cm":71522,"minecraft:interact_with_smoker":3,"minecraft:inspect_dispenser":1,"minecraft:horse_one_cm":2088,"minecraft:interact_with_smithing_table":3,"minecraft:interact_with_anvil":38,"minecraft:mob_kills":552,"minecraft:inspect_hopper":1,"minecraft:fill_cauldron":3,"minecraft:damage_dealt_resisted":80177,"minecraft:climb_one_cm":24272,"minecraft:walk_one_cm":6546886,"minecraft:damage_dealt_absorbed":3566,"minecraft:sneak_time":33446,"minecraft:walk_under_water_one_cm":88086,"minecraft:interact_with_lectern":2,"minecraft:interact_with_blast_furnace":12,"minecraft:total_world_time":2799694,"vampirism:interact_with_injection_chair":5,"minecraft:interact_with_grindstone":1,"minecraft:time_since_rest":7146,"minecraft:damage_absorbed":1560,"minecraft:damage_taken":48635,"minecraft:trigger_trapped_chest":1,"minecraft:swim_one_cm":30648,"minecraft:fly_one_cm":16990991,"minecraft:open_chest":598,"minecraft:fall_one_cm":341186},"minecraft:used":{"minecraft:moss_block":2,"wom:satsujin":12,"minecraft:writable_book":1,"minecraft:nether_brick_fence":60,"minecraft:iron_shovel":871,"minecraft:light_gray_stained_glass_pane":14,"minecraft:shield":19,"vampirism:advanced_vampire_spawn_egg":22,"minecraft:chest":6,"minecraft:spruce_slab":16,"minecraft:poppy":1,"farmersdelight:stove":1,"minecraft:warped_sign":16,"minecraft:stone":205,"minecraft:bell":5,"minecraft:red_nether_brick_stairs":179,"farmersdelight:light_gray_hanging_canvas_sign":1,"minecraft:grass":102,"minecraft:rotten_flesh":218,"minecraft:iron_chestplate":2,"minecraft:nether_bricks":5026,"minecraft:carrot":122,"ironchest:iron_chest":1,"minecraft:obsidian":32,"farmersdelight:roast_chicken":1,"minecraft:lava_bucket":10,"minecraft:warped_hyphae":23,"minecraft:grass_block":1065,"minecraft:black_stained_glass_pane":8,"hole_filler_mod:throwable_hole_filler_balanced_slice":153,"minecraft:spruce_wood":187,"minecraft:red_wool":164,"minecraft:lantern":4,"etched:etching_table":2,"minecraft:quartz_block":1,"minecraft:iron_helmet":1,"minecraft:dark_oak_wood":42,"minecraft:dark_oak_slab":100,"onlyhammersandexcavators:stone_hammer":650,"minecraft:stone_brick_stairs":876,"minecraft:stone_bricks":9926,"minecraft:bow":130,"minecraft:red_carpet":7,"minecraft:magma_block":210,"minecraft:hay_block":23,"minecraft:scaffolding":1,"minecraft:furnace":10,"ironchest:obsidian_chest":4,"minecraft:oak_sapling":19,"ars_nouveau:sourceberry_bush":2,"minecraft:egg":1,"minecraft:potato":34,"minecraft:damaged_anvil":1,"minecraft:golden_boots":1,"minecraft:dark_oak_stairs":106,"ars_nouveau:red_sbed":19,"epicfight:skillbook":12,"minecraft:diorite":14,"minecraft:cow_spawn_egg":8,"minecraft:spruce_door":8,"minecraft:stone_pickaxe":48,"minecraft:oak_planks":911,"minecraft:ender_pearl":1,"minecraft:wooden_pickaxe":2,"minecraft:oak_leaves":35,"minecraft:golden_apple":55,"minecraft:white_wool":72,"vampirism:cursed_spruce_door":5,"minecraft:blast_furnace":5,"etched:album_jukebox":1,"minecraft:crossbow":1,"minecraft:stone_brick_wall":18,"waystones:waystone":3,"quark:blackstone_furnace":1,"minecraft:dark_oak_log":80,"minecraft:gray_stained_glass_pane":4,"scalinghealth:enchanted_heart":3,"born_in_chaos_v1:monster_flesh":1,"minecraft:heavy_weighted_pressure_plate":6,"quark:gold_bars":1,"minecraft:bread":6,"quark:vertical_warped_planks":121,"minecraft:warped_slab":278,"minecraft:cyan_carpet":28,"minecraft:lectern":6,"minecraft:gravel":91,"minecraft:golden_helmet":1,"minecraft:soul_lantern":20,"minecraft:diamond_sword":864,"minecraft:cooked_rabbit":3,"minecraft:grindstone":1,"minecraft:smithing_table":2,"minecraft:white_stained_glass":6,"minecraft:andesite":3,"quark:blue_nether_bricks":14,"minecraft:chain":42,"minecraft:netherite_sword":6,"minecraft:oak_fence":131,"minecraft:cobweb":11,"minecraft:golden_pickaxe":1,"minecraft:experience_bottle":5,"minecraft:oak_trapdoor":4,"minecraft:iron_bars":3,"minecraft:flint_and_steel":31,"minecraft:carved_pumpkin":10,"minecraft:armor_stand":9,"quark:calcite_bricks":442,"minecraft:stripped_warped_stem":92,"minecraft:spruce_planks":91,"hole_filler_mod:throwable_hole_filler_balanced":14,"quark:spruce_bookshelf":2,"minecraft:netherrack":6,"minecraft:oak_door":10,"minecraft:torch":200,"minecraft:anvil":9,"minecraft:dirt":6606,"minecraft:red_nether_brick_slab":772,"scalinghealth:heart_crystal":53,"minecraft:spruce_stairs":71,"minecraft:chainmail_chestplate":2,"minecraft:nether_brick_slab":67,"minecraft:warped_door":1,"quark:cherry_bookshelf":13,"minecraft:oak_wood":565,"vampirism:throne":3,"minecraft:spruce_fence":22,"minecraft:granite":9,"iceandfire:gold_pile":96,"minecraft:shroomlight":1222,"minecraft:nether_brick_stairs":57,"minecraft:oak_fence_gate":2,"minecraft:iron_hoe":243,"minecraft:birch_door":5,"minecraft:stone_brick_slab":231,"born_in_chaos_v1:supreme_measure":112,"minecraft:dark_oak_planks":411,"minecraft:wooden_axe":1,"minecraft:chipped_anvil":6,"minecraft:bookshelf":21,"minecraft:light_gray_stained_glass":2,"minecraft:iron_block":49,"minecraft:iron_axe":178,"etched:etched_music_disc":13,"minecraft:oak_stairs":1453,"minecraft:warped_fence":73,"minecraft:crimson_slab":4,"minecraft:chicken_spawn_egg":9,"onlyhammersandexcavators:iron_excavator":165,"minecraft:totem_of_undying":1,"epicfight:diamond_tachi":359,"scalinghealth:power_crystal":39,"minecraft:crimson_planks":162,"minecraft:warped_stairs":3,"minecraft:beef":10,"minecraft:iron_trapdoor":32,"ironchest:gold_chest":4,"minecraft:trapped_chest":8,"minecraft:stone_pressure_plate":4,"minecraft:cooked_beef":47,"onlyhammersandexcavators:obsidian_hammer":484,"minecraft:wheat_seeds":89,"minecraft:water_bucket":101,"iceandfire:fire_dragon_flesh":1,"minecraft:cobblestone_stairs":62,"minecraft:warped_hanging_sign":2,"minecraft:snow_block":7,"minecraft:baked_potato":3,"minecraft:red_nether_bricks":1944,"born_in_chaos_v1:dark_stained_glass_panel":363,"scalinghealth:chance_heart":2,"minecraft:cauldron":4,"minecraft:chiseled_nether_bricks":56,"quark:shiba_spawn_egg":1,"minecraft:sheep_spawn_egg":5,"spartanweaponry:dynamite":36,"minecraft:mossy_cobblestone":1,"minecraft:lime_bed":5,"minecraft:oak_slab":243,"minecraft:crafting_table":15,"minecraft:red_bed":49,"minecraft:painting":29,"minecraft:spruce_log":1,"minecraft:warped_planks":9,"minecraft:oak_log":379,"minecraft:diamond_pickaxe":2055,"minecraft:apple":18,"minecraft:warped_trapdoor":4,"minecraft:diamond_shovel":1075,"minecraft:chicken":2,"minecraft:iron_pickaxe":133,"minecraft:pig_spawn_egg":14,"minecraft:netherite_axe":13,"minecraft:cracked_nether_bricks":5,"minecraft:spruce_trapdoor":5,"iceandfire:spawn_egg_troll":2,"vampirism:cursed_spruce_trapdoor":27,"minecraft:chiseled_stone_bricks":417,"minecraft:cobblestone":998,"minecraft:potion":6,"vampirism:vampire_baron_spawn_egg":16,"minecraft:turtle_helmet":1,"minecraft:porkchop":9,"minecraft:warped_fence_gate":4,"minecraft:bucket":5,"minecraft:glass_pane":209,"quark:nether_brick_chest":20,"minecraft:dandelion":1,"minecraft:stripped_oak_log":53,"epicfight:uchigatana":178,"minecraft:jukebox":2},"minecraft:crafted":{"minecraft:oak_planks":44,"onlyhammersandexcavators:obsidian_hammer":1,"minecraft:diamond_shovel":1,"minecraft:bookshelf":1,"minecraft:nether_brick":113,"onlyhammersandexcavators:stone_hammer":1,"vampirism:throne":1,"minecraft:oak_slab":6,"minecraft:emerald":23,"sophisticatedbackpacks:backpack":2,"minecraft:crafting_table":5,"minecraft:wooden_pickaxe":1,"minecraft:smithing_table":1,"minecraft:red_nether_bricks":144,"minecraft:lectern":1,"sophisticatedbackpacks:diamond_backpack":1,"minecraft:stick":4,"quark:oak_chest":1,"minecraft:iron_ingot":22,"minecraft:iron_block":8,"minecraft:gold_ingot":7,"minecraft:redstone":6,"minecraft:coal":18,"onlyhammersandexcavators:obsidian_excavator":1,"minecraft:white_carpet":3,"minecraft:iron_hoe":1,"minecraft:ender_pearl":3,"sophisticatedbackpacks:iron_backpack":2,"minecraft:red_dye":6,"minecraft:diamond_sword":1,"minecraft:nether_bricks":28,"sophisticatedbackpacks:gold_backpack":2,"onlyhammersandexcavators:iron_excavator":1,"minecraft:red_carpet":3,"minecraft:air":0,"minecraft:golden_apple":14,"minecraft:anvil":2,"minecraft:lapis_lazuli":12},"minecraft:killed":{"vampirism:vampire":7,"minecraft:cave_spider":20,"vampirism:advanced_vampire":5,"minecraft:spider":55,"vampirism:blinding_bat":4,"minecraft:skeleton":95,"grimoireofgaia:mimic":1,"minecraft:chicken":2,"vampirism:advanced_hunter":1,"minecraft:silverfish":4,"minecraft:skeleton_horse":1,"minecraft:pig":9,"born_in_chaos_v1:diamond_termite":3,"irons_spellbooks:necromancer":4,"minecraft:creeper":4,"vampirism:hunter":54,"minecraft:sheep":5,"minecraft:pillager":1,"minecraft:zombie":126,"born_in_chaos_v1:corpse_fly":2,"grimoireofgaia:deathword":1,"minecraft:stray":48,"grimoireofgaia:harpy":1,"mca:male_villager":8,"born_in_chaos_v1:door_knight":1,"minecraft:cow":9,"mowziesmobs:naga":1,"minecraft:vex":1,"minecraft:evoker":2,"minecraft:vindicator":2,"born_in_chaos_v1:skeleton_thrasher_not_despawn":1,"born_in_chaos_v1:maggot":10,"minecraft:phantom":3,"grimoireofgaia:ender_eye":1,"iceandfire:fire_dragon":1,"born_in_chaos_v1:barrel_zombie":1,"iceandfire:troll":2,"minecraft:bat":1,"born_in_chaos_v1:decrepit_skeleton":1,"born_in_chaos_v1:bloody_gadfly":1,"iceandfire:ghost":4,"grimoireofgaia:arachne":1,"mca:female_villager":10,"minecraft:wither_skeleton":15},"minecraft:mined":{"iceandfire:graveyard_soil":8,"minecraft:stone_pressure_plate":2,"irons_spellbooks:armor_pile":1,"minecraft:cobblestone_stairs":1,"minecraft:red_nether_bricks":224,"minecraft:obsidian":27,"minecraft:granite":24,"minecraft:grass_block":1577,"vampirism:throne":1,"minecraft:coal_block":29,"minecraft:chiseled_stone_bricks":1,"minecraft:spawner":234,"minecraft:magma_block":26,"minecraft:mossy_cobblestone_stairs":1,"minecraft:iron_ore":41,"minecraft:barrel":1,"minecraft:fire":2,"minecraft:anvil":2,"minecraft:nether_brick_stairs":107,"minecraft:azure_bluet":1,"minecraft:dirt_path":94,"scalinghealth:deepslate_power_crystal_ore":1,"minecraft:iron_bars":87,"minecraft:quartz_block":58,"minecraft:torch":14,"minecraft:poppy":4,"iceandfire:ghost_chest":1,"minecraft:cobblestone":131,"minecraft:damaged_anvil":1,"minecraft:oak_planks":38,"minecraft:iron_door":3,"minecraft:wall_torch":1,"minecraft:nether_wart_block":76,"minecraft:stone_brick_stairs":4,"minecraft:grass":217,"minecraft:oak_log":15,"iceandfire:silver_ore":2,"minecraft:dirt":110,"minecraft:netherrack":167,"minecraft:oak_leaves":4,"minecraft:deepslate":1,"minecraft:mossy_cobblestone":10,"born_in_chaos_v1:infected_diamond_ore":2,"minecraft:nether_bricks":1496,"gravestone:gravestone":22,"born_in_chaos_v1:black_argillite":32,"minecraft:moss_block":2,"minecraft:hay_block":1,"minecraft:furnace":4,"minecraft:andesite":45,"minecraft:mossy_stone_brick_stairs":5,"minecraft:bookshelf":15,"minecraft:vine":46,"minecraft:stone":297,"minecraft:white_wool":3,"minecraft:redstone_block":8,"minecraft:soul_sand":2,"minecraft:dandelion":8,"minecraft:crafting_table":7,"minecraft:tall_grass":43,"minecraft:diorite":18,"minecraft:spruce_stairs":1,"minecraft:lime_bed":6,"minecraft:coarse_dirt":1,"minecraft:coal_ore":2,"minecraft:dripstone_block":3,"minecraft:gravel":65,"minecraft:cracked_stone_bricks":3,"minecraft:stone_bricks":27,"minecraft:polished_andesite":1,"minecraft:mossy_stone_bricks":11,"minecraft:chipped_anvil":5},"minecraft:dropped":{"minecraft:nether_brick_stairs":4,"minecraft:iron_sword":1,"minecraft:soul_sand":1,"minecraft:dark_oak_stairs":1,"minecraft:cooked_beef":1,"minecraft:golden_pickaxe":1,"minecraft:dark_oak_slab":1,"minecraft:crossbow":2,"minecraft:leather":2,"iceandfire:ectoplasm":1,"minecraft:mossy_stone_brick_stairs":2,"onlyhammersandexcavators:obsidian_excavator":1,"minecraft:cracked_stone_bricks":3,"irons_spellbooks:tarnished_helmet":1,"minecraft:leather_helmet":1,"iceandfire:graveyard_soil":2,"minecraft:cobblestone_stairs":1,"born_in_chaos_v1:monster_flesh":2,"minecraft:dirt":8,"minecraft:grass":1,"irons_spellbooks:arcane_essence":2,"minecraft:chain":1,"gravestone:obituary":35,"minecraft:gold_nugget":5,"minecraft:phantom_membrane":3,"epicfight:stray_robe":1,"minecraft:bone":33,"minecraft:gravel":42,"minecraft:stone_axe":1,"minecraft:iron_nugget":7,"ars_nouveau:wilden_spike":3,"minecraft:nether_brick":1,"minecraft:rotten_flesh":82,"minecraft:oak_planks":67,"vampirism:blood_bottle":2,"minecraft:carrot":4,"patchouli:guide_book":2,"minecraft:chainmail_chestplate":2,"minecraft:chiseled_stone_bricks":2,"minecraft:poppy":1,"minecraft:leather_chestplate":1,"minecraft:tipped_arrow":1,"mca:villager_editor":1,"minecraft:gunpowder":3,"hole_filler_mod:throwable_hole_filler":1,"born_in_chaos_v1:corpse_maggot":3,"minecraft:quartz_block":2,"apotheosis:gem":7,"minecraft:leather_boots":4,"mca:book_infection":2,"minecraft:iron_bars":20,"minecraft:stone_brick_stairs":8,"minecraft:netherrack":2,"iceandfire:manuscript":1,"minecraft:crimson_planks":1,"minecraft:enchanted_book":1,"minecraft:golden_boots":2,"minecraft:bread":2,"quark:vertical_warped_planks":2,"minecraft:wheat_seeds":32,"etched:etched_music_disc":3,"minecraft:mossy_cobblestone":1,"minecraft:dripstone_block":2,"minecraft:iron_helmet":1,"minecraft:feather":12,"minecraft:cobblestone":16,"minecraft:granite":7,"minecraft:polished_andesite":2,"minecraft:spruce_stairs":1,"minecraft:grass_block":2,"minecraft:oxeye_daisy":1,"minecraft:cobweb":10,"ars_nouveau:worn_notebook":1,"born_in_chaos_v1:black_argillite":10,"minecraft:torch":10,"scalinghealth:heart_crystal":1,"minecraft:diamond_helmet":1,"minecraft:potion":4,"minecraft:polished_andesite_stairs":3,"quark:calcite_bricks":1,"minecraft:iron_shovel":2,"minecraft:string":208,"irons_spellbooks:frozen_bone":15,"minecraft:dandelion":29,"sophisticatedbackpacks:pickup_upgrade":1,"minecraft:redstone_block":2,"minecraft:stone_brick_slab":1,"epicfight:uchigatana":1,"minecraft:coarse_dirt":2,"minecraft:raw_iron":1,"minecraft:stone_shovel":1,"epicfight:diamond_tachi":1,"minecraft:iron_boots":1,"sophisticatedbackpacks:backpack":1,"wom:diamond_legtopseal":1,"scalinghealth:power_crystal_shard":3,"minecraft:nether_bricks":17,"minecraft:spruce_fence":1,"minecraft:glass_pane":1,"minecraft:potato":23,"minecraft:shroomlight":64,"minecraft:spruce_trapdoor":3,"minecraft:diamond_pickaxe":1,"minecraft:andesite":35,"minecraft:mossy_stone_bricks":2,"iceandfire:silver_ingot":3,"hole_filler_mod:throwable_hole_filler_smart":2,"minecraft:oak_sapling":7,"minecraft:spider_eye":14,"minecraft:stone_bricks":4,"minecraft:bell":2,"hole_filler_mod:throwable_hole_filler_balanced_slice":1,"epicfight:skillbook":3},"minecraft:picked_up":{"irons_spellbooks:scroll":1,"quark:music_disc_drips":1,"born_in_chaos_v1:bloody_gadfly_eye":1,"minecraft:iron_chestplate":4,"minecraft:wheat":18,"minecraft:redstone_block":7,"minecraft:chainmail_boots":3,"minecraft:anvil":2,"vampirism:throne":1,"minecraft:diamond_sword":1,"minecraft:oak_stairs":15,"minecraft:potion":5,"minecraft:enchanted_book":4,"minecraft:golden_shovel":1,"minecraft:nether_brick":35,"minecraft:stone_brick_stairs":10,"minecraft:crimson_planks":1,"born_in_chaos_v1:black_argillite":42,"iceandfire:manuscript":1,"minecraft:string":279,"minecraft:red_nether_bricks":218,"minecraft:shroomlight":1,"irons_spellbooks:arcane_essence":8,"minecraft:diamond_leggings":1,"minecraft:gold_nugget":24,"minecraft:iron_pickaxe":2,"minecraft:coal_block":26,"minecraft:iron_boots":4,"minecraft:furnace":4,"minecraft:tipped_arrow":86,"minecraft:golden_helmet":4,"minecraft:stick":29,"apotheosis:gem":31,"born_in_chaos_v1:shattered_skull":1,"minecraft:torch":70,"minecraft:spruce_stairs":1,"epicfight:skillbook":17,"minecraft:porkchop":9,"minecraft:diorite":18,"minecraft:golden_chestplate":1,"iceandfire:troll_weapon_column_forest":1,"grimoireofgaia:stone_coal":2,"minecraft:quartz_block":21,"etched:etched_music_disc":13,"minecraft:stone_sword":1,"vampirism:blood_bottle":5,"minecraft:rotten_flesh":150,"minecraft:tropical_fish":1,"quark:calcite_bricks":1,"iceandfire:fire_dragon_heart":2,"epicfight:stray_robe":6,"minecraft:obsidian":27,"minecraft:iron_bars":90,"minecraft:cobblestone":417,"minecraft:magma_block":26,"epicfight:stone_spear":1,"minecraft:leather_chestplate":5,"minecraft:feather":19,"minecraft:cooked_beef":9,"minecraft:iron_door":4,"minecraft:andesite":40,"minecraft:golden_leggings":3,"minecraft:potato":5,"minecraft:flint":1,"iceandfire:dragonscales_bronze":16,"minecraft:lapis_lazuli":75,"minecraft:dirt":1353,"minecraft:leather_boots":5,"minecraft:bone":179,"minecraft:chipped_anvil":5,"minecraft:bow":6,"minecraft:wheat_seeds":134,"minecraft:bell":4,"minecraft:mossy_stone_bricks":10,"minecraft:rabbit":1,"minecraft:diamond_helmet":1,"minecraft:moss_block":2,"minecraft:oak_planks":61,"minecraft:mossy_stone_brick_stairs":6,"quark:vertical_warped_planks":1,"irons_spellbooks:frozen_bone":73,"iceandfire:dragon_skull_fire":2,"minecraft:nether_brick_stairs":107,"minecraft:grass_block":496,"minecraft:fermented_spider_eye":1,"minecraft:barrel":1,"minecraft:mossy_cobblestone":9,"minecraft:polished_andesite":2,"minecraft:diamond":7,"minecraft:soul_lantern":1,"born_in_chaos_v1:diamond_termite_shard":2,"sophisticatedbackpacks:gold_backpack":1,"minecraft:crossbow":3,"minecraft:granite":17,"minecraft:golden_apple":1,"minecraft:chainmail_helmet":2,"minecraft:emerald":2,"iceandfire:troll_leather_forest":9,"minecraft:oak_sapling":62,"minecraft:netherrack":156,"minecraft:oak_leaves":1,"minecraft:diamond_pickaxe":1,"minecraft:crafting_table":7,"minecraft:coarse_dirt":3,"minecraft:azure_bluet":4,"minecraft:chicken":2,"iceandfire:witherbone":5,"minecraft:ladder":12,"minecraft:turtle_helmet":3,"minecraft:golden_pickaxe":1,"irons_spellbooks:tarnished_helmet":1,"minecraft:brown_mushroom":2,"ars_nouveau:warp_scroll":2,"minecraft:diamond_horse_armor":2,"minecraft:chain":1,"gravestone:obituary":11,"minecraft:brick":6,"minecraft:shield":3,"epicfight:stray_pants":5,"minecraft:cornflower":1,"minecraft:iron_axe":2,"epicfight:stray_hat":5,"minecraft:netherite_scrap":1,"minecraft:compass":1,"minecraft:iron_shovel":3,"minecraft:cyan_carpet":2,"minecraft:glass_pane":1,"iceandfire:graveyard_soil":2,"minecraft:cracked_stone_bricks":11,"minecraft:birch_sapling":3,"minecraft:beef":10,"scalinghealth:chance_heart":2,"iceandfire:dragonscales_gray":40,"iceandfire:dragonbone":18,"minecraft:iron_nugget":34,"minecraft:poppy":11,"minecraft:chest":2,"minecraft:spruce_trapdoor":3,"minecraft:phantom_membrane":3,"minecraft:egg":4,"minecraft:raw_iron":49,"minecraft:oak_door":2,"minecraft:spruce_fence":1,"farmersdelight:tomato_seeds":3,"born_in_chaos_v1:pieceofdarkmetal":4,"minecraft:carrot":12,"minecraft:redstone":6,"minecraft:iron_horse_armor":1,"minecraft:stone_pressure_plate":3,"minecraft:tnt":1,"iceandfire:silver_ingot":3,"minecraft:arrow":156,"minecraft:stone_shovel":1,"minecraft:nether_bricks":1443,"minecraft:hay_block":1,"minecraft:warped_sign":2,"minecraft:totem_of_undying":1,"minecraft:mutton":3,"minecraft:white_wool":5,"minecraft:oxeye_daisy":3,"born_in_chaos_v1:corpse_maggot":7,"minecraft:lime_bed":6,"hole_filler_mod:throwable_hole_filler_smart":1,"minecraft:air":0,"minecraft:leather":11,"minecraft:red_mushroom":2,"minecraft:oak_log":32,"minecraft:chainmail_chestplate":4,"scalinghealth:bandages":2,"iceandfire:ectoplasm":2,"minecraft:golden_boots":4,"minecraft:nether_wart_block":72,"minecraft:gunpowder":5,"minecraft:cobblestone_stairs":3,"scalinghealth:heart_crystal":12,"minecraft:paper":1,"vampirism:human_heart":6,"minecraft:apple":8,"minecraft:stone_bricks":34,"quark:music_disc_crickets":1,"minecraft:iron_ingot":30,"minecraft:cobweb":11,"scalinghealth:power_crystal_shard":21,"iceandfire:fire_dragon_flesh":2,"minecraft:iron_sword":4,"minecraft:soul_sand":2,"minecraft:dark_oak_stairs":1,"minecraft:book":43,"minecraft:oak_slab":2,"minecraft:polished_andesite_stairs":3,"scalinghealth:heart_crystal_shard":32,"minecraft:dark_oak_slab":1,"minecraft:chiseled_stone_bricks":2,"minecraft:stone_brick_slab":1,"minecraft:dandelion":38,"minecraft:dripstone_block":2,"minecraft:gravel":102,"hole_filler_mod:throwable_hole_filler_balanced_slice":1,"minecraft:spider_eye":33,"minecraft:leather_helmet":1,"ars_nouveau:wilden_spike":5,"epicfight:diamond_tachi":1,"minecraft:stone_axe":3,"hole_filler_mod:throwable_hole_filler":1,"minecraft:chainmail_leggings":2,"minecraft:iron_helmet":4,"minecraft:gray_wool":1,"mca:book_infection":1,"minecraft:baked_potato":4,"minecraft:damaged_anvil":1,"minecraft:coal":607,"minecraft:ender_pearl":4},"minecraft:killed_by":{"minecraft:evoker":1,"minecraft:wither_skeleton":2,"minecraft:pillager":1,"irons_spellbooks:citadel_keeper":1,"grimoireofgaia:bone_knight":2,"minecraft:cave_spider":2,"iceandfire:fire_dragon":1,"minecraft:stray":4,"minecraft:skeleton":7,"irons_spellbooks:archevoker":1}},"DataVersion":3465}