{"stats":{"minecraft:crafted":{"minecraft:oak_planks":36,"onlyhammersandexcavators:obsidian_hammer":1,"minecraft:diamond_shovel":1,"minecraft:bookshelf":1,"minecraft:nether_brick":113,"onlyhammersandexcavators:stone_hammer":1,"vampirism:throne":1,"minecraft:oak_slab":6,"minecraft:emerald":23,"sophisticatedbackpacks:backpack":1,"minecraft:crafting_table":4,"minecraft:wooden_pickaxe":1,"minecraft:smithing_table":1,"minecraft:red_nether_bricks":144,"minecraft:lectern":1,"sophisticatedbackpacks:diamond_backpack":1,"minecraft:stick":4,"quark:oak_chest":1,"minecraft:iron_ingot":22,"minecraft:iron_block":8,"minecraft:gold_ingot":7,"minecraft:redstone":6,"minecraft:coal":18,"onlyhammersandexcavators:obsidian_excavator":1,"minecraft:white_carpet":3,"minecraft:iron_hoe":1,"minecraft:ender_pearl":3,"sophisticatedbackpacks:iron_backpack":1,"minecraft:red_dye":6,"minecraft:diamond_sword":1,"minecraft:nether_bricks":28,"sophisticatedbackpacks:gold_backpack":1,"onlyhammersandexcavators:iron_excavator":1,"minecraft:red_carpet":3,"minecraft:air":0,"minecraft:golden_apple":14,"minecraft:anvil":2,"minecraft:lapis_lazuli":12},"minecraft:broken":{"minecraft:iron_shovel":1,"minecraft:iron_boots":1,"minecraft:iron_chestplate":3,"minecraft:iron_leggings":2,"minecraft:chainmail_boots":1,"minecraft:chainmail_helmet":1,"onlyhammersandexcavators:stone_hammer":1,"minecraft:iron_helmet":1,"minecraft:turtle_helmet":1},"minecraft:killed_by":{"minecraft:evoker":1,"minecraft:wither_skeleton":2,"minecraft:pillager":1,"irons_spellbooks:citadel_keeper":1,"minecraft:stray":4,"minecraft:skeleton":6,"irons_spellbooks:archevoker":1},"minecraft:mined":{"minecraft:stone_pressure_plate":2,"iceandfire:graveyard_soil":8,"irons_spellbooks:armor_pile":1,"minecraft:cobblestone_stairs":1,"minecraft:red_nether_bricks":224,"minecraft:obsidian":27,"minecraft:granite":12,"minecraft:grass_block":1576,"vampirism:throne":1,"minecraft:coal_block":29,"minecraft:chiseled_stone_bricks":1,"minecraft:spawner":166,"minecraft:magma_block":26,"minecraft:iron_ore":15,"minecraft:fire":1,"minecraft:barrel":1,"minecraft:anvil":2,"minecraft:nether_brick_stairs":107,"minecraft:azure_bluet":1,"minecraft:dirt_path":94,"scalinghealth:deepslate_power_crystal_ore":1,"minecraft:iron_bars":63,"minecraft:quartz_block":38,"minecraft:torch":2,"minecraft:poppy":4,"iceandfire:ghost_chest":1,"minecraft:cobblestone":131,"minecraft:damaged_anvil":1,"minecraft:oak_planks":38,"minecraft:iron_door":3,"minecraft:wall_torch":1,"minecraft:nether_wart_block":76,"minecraft:stone_brick_stairs":2,"minecraft:grass":217,"minecraft:oak_log":13,"minecraft:dirt":95,"minecraft:netherrack":167,"minecraft:oak_leaves":3,"minecraft:deepslate":1,"minecraft:mossy_cobblestone":8,"minecraft:nether_bricks":1489,"gravestone:gravestone":16,"minecraft:moss_block":2,"minecraft:hay_block":1,"minecraft:furnace":3,"minecraft:andesite":20,"minecraft:mossy_stone_brick_stairs":3,"minecraft:bookshelf":6,"minecraft:vine":31,"minecraft:stone":174,"minecraft:white_wool":3,"minecraft:redstone_block":8,"minecraft:soul_sand":2,"minecraft:dandelion":8,"minecraft:crafting_table":6,"minecraft:tall_grass":43,"minecraft:diorite":14,"minecraft:spruce_stairs":1,"minecraft:lime_bed":6,"minecraft:coal_ore":2,"minecraft:gravel":64,"minecraft:cracked_stone_bricks":3,"minecraft:polished_andesite":1,"minecraft:stone_bricks":25,"minecraft:mossy_stone_bricks":9,"minecraft:chipped_anvil":5},"minecraft:used":{"minecraft:moss_block":2,"wom:satsujin":12,"minecraft:writable_book":1,"minecraft:nether_brick_fence":60,"minecraft:iron_shovel":871,"minecraft:light_gray_stained_glass_pane":14,"minecraft:shield":10,"vampirism:advanced_vampire_spawn_egg":22,"farmersdelight:stove":1,"minecraft:spruce_slab":16,"minecraft:poppy":1,"minecraft:chest":6,"minecraft:red_nether_brick_stairs":179,"minecraft:stone":100,"minecraft:warped_sign":16,"minecraft:bell":3,"farmersdelight:light_gray_hanging_canvas_sign":1,"minecraft:grass":102,"minecraft:rotten_flesh":216,"minecraft:iron_chestplate":2,"minecraft:nether_bricks":5023,"minecraft:carrot":116,"ironchest:iron_chest":1,"minecraft:obsidian":32,"farmersdelight:roast_chicken":1,"minecraft:lava_bucket":10,"minecraft:black_stained_glass_pane":8,"minecraft:warped_hyphae":23,"minecraft:spruce_wood":187,"minecraft:red_wool":164,"minecraft:lantern":4,"minecraft:grass_block":905,"hole_filler_mod:throwable_hole_filler_balanced_slice":146,"minecraft:quartz_block":1,"minecraft:iron_helmet":1,"minecraft:dark_oak_wood":42,"minecraft:dark_oak_slab":100,"onlyhammersandexcavators:stone_hammer":650,"minecraft:stone_brick_stairs":270,"minecraft:stone_bricks":7279,"minecraft:magma_block":210,"minecraft:red_carpet":7,"minecraft:bow":96,"minecraft:hay_block":23,"ironchest:obsidian_chest":4,"minecraft:oak_sapling":18,"minecraft:furnace":10,"minecraft:egg":1,"minecraft:damaged_anvil":1,"minecraft:golden_boots":1,"minecraft:dark_oak_stairs":106,"ars_nouveau:red_sbed":19,"epicfight:skillbook":12,"minecraft:diorite":10,"minecraft:cow_spawn_egg":4,"minecraft:spruce_door":8,"minecraft:stone_pickaxe":40,"minecraft:oak_planks":834,"minecraft:ender_pearl":1,"minecraft:wooden_pickaxe":2,"minecraft:oak_leaves":12,"minecraft:golden_apple":44,"minecraft:white_wool":72,"vampirism:cursed_spruce_door":5,"minecraft:blast_furnace":5,"minecraft:crossbow":1,"minecraft:stone_brick_wall":18,"waystones:waystone":2,"quark:blackstone_furnace":1,"scalinghealth:enchanted_heart":3,"minecraft:dark_oak_log":80,"minecraft:gray_stained_glass_pane":4,"minecraft:heavy_weighted_pressure_plate":6,"quark:gold_bars":1,"minecraft:bread":2,"minecraft:cyan_carpet":28,"minecraft:warped_slab":278,"quark:vertical_warped_planks":121,"minecraft:lectern":5,"minecraft:gravel":91,"minecraft:soul_lantern":20,"minecraft:diamond_sword":864,"minecraft:grindstone":1,"minecraft:smithing_table":2,"minecraft:white_stained_glass":6,"minecraft:andesite":2,"quark:blue_nether_bricks":14,"minecraft:chain":29,"minecraft:netherite_sword":6,"minecraft:cobweb":11,"minecraft:experience_bottle":5,"minecraft:oak_fence":65,"minecraft:oak_trapdoor":4,"minecraft:iron_bars":1,"minecraft:flint_and_steel":3,"minecraft:carved_pumpkin":10,"minecraft:armor_stand":9,"quark:calcite_bricks":318,"minecraft:stripped_warped_stem":92,"minecraft:spruce_planks":91,"hole_filler_mod:throwable_hole_filler_balanced":14,"quark:spruce_bookshelf":2,"minecraft:netherrack":4,"minecraft:oak_door":10,"minecraft:torch":161,"minecraft:anvil":7,"minecraft:dirt":6596,"minecraft:red_nether_brick_slab":772,"scalinghealth:heart_crystal":7,"minecraft:chainmail_chestplate":2,"minecraft:spruce_stairs":29,"minecraft:nether_brick_slab":67,"minecraft:warped_door":1,"quark:cherry_bookshelf":13,"minecraft:oak_wood":223,"vampirism:throne":3,"minecraft:granite":5,"minecraft:spruce_fence":22,"iceandfire:gold_pile":96,"minecraft:nether_brick_stairs":57,"minecraft:oak_fence_gate":2,"minecraft:shroomlight":1198,"minecraft:birch_door":5,"minecraft:iron_hoe":243,"born_in_chaos_v1:supreme_measure":103,"minecraft:stone_brick_slab":63,"minecraft:dark_oak_planks":411,"minecraft:wooden_axe":1,"minecraft:chipped_anvil":6,"minecraft:bookshelf":21,"minecraft:light_gray_stained_glass":2,"minecraft:iron_axe":147,"minecraft:iron_block":42,"minecraft:oak_stairs":407,"minecraft:warped_fence":73,"minecraft:crimson_slab":4,"minecraft:chicken_spawn_egg":5,"onlyhammersandexcavators:iron_excavator":165,"minecraft:totem_of_undying":1,"minecraft:crimson_planks":162,"minecraft:warped_stairs":3,"minecraft:iron_trapdoor":32,"ironchest:gold_chest":4,"minecraft:trapped_chest":8,"minecraft:stone_pressure_plate":4,"minecraft:cooked_beef":37,"onlyhammersandexcavators:obsidian_hammer":484,"minecraft:wheat_seeds":89,"minecraft:water_bucket":101,"minecraft:cobblestone_stairs":62,"minecraft:warped_hanging_sign":2,"minecraft:snow_block":7,"minecraft:red_nether_bricks":1944,"born_in_chaos_v1:dark_stained_glass_panel":363,"scalinghealth:chance_heart":1,"minecraft:cauldron":4,"minecraft:chiseled_nether_bricks":56,"spartanweaponry:dynamite":24,"minecraft:mossy_cobblestone":1,"minecraft:lime_bed":5,"minecraft:oak_slab":5,"minecraft:crafting_table":13,"minecraft:red_bed":49,"minecraft:painting":29,"minecraft:spruce_log":1,"minecraft:warped_planks":9,"minecraft:oak_log":379,"minecraft:diamond_pickaxe":1814,"minecraft:apple":1,"minecraft:warped_trapdoor":4,"minecraft:diamond_shovel":1075,"minecraft:chicken":1,"minecraft:pig_spawn_egg":5,"minecraft:netherite_axe":13,"minecraft:cracked_nether_bricks":5,"minecraft:spruce_trapdoor":5,"iceandfire:spawn_egg_troll":2,"vampirism:cursed_spruce_trapdoor":27,"minecraft:chiseled_stone_bricks":263,"minecraft:cobblestone":952,"minecraft:potion":5,"vampirism:vampire_baron_spawn_egg":16,"minecraft:turtle_helmet":1,"minecraft:warped_fence_gate":4,"minecraft:bucket":5,"minecraft:glass_pane":53,"quark:nether_brick_chest":20,"minecraft:dandelion":1,"minecraft:stripped_oak_log":53,"epicfight:uchigatana":171},"minecraft:killed":{"vampirism:vampire":7,"minecraft:cave_spider":17,"vampirism:advanced_vampire":5,"minecraft:spider":47,"vampirism:blinding_bat":4,"minecraft:skeleton":66,"minecraft:chicken":1,"vampirism:advanced_hunter":1,"minecraft:silverfish":4,"minecraft:skeleton_horse":1,"irons_spellbooks:necromancer":2,"minecraft:creeper":4,"vampirism:hunter":54,"minecraft:pillager":1,"minecraft:zombie":101,"minecraft:stray":22,"grimoireofgaia:harpy":1,"mca:male_villager":8,"born_in_chaos_v1:door_knight":1,"minecraft:cow":3,"mowziesmobs:naga":1,"minecraft:vex":1,"minecraft:evoker":2,"minecraft:vindicator":2,"born_in_chaos_v1:maggot":4,"minecraft:phantom":2,"born_in_chaos_v1:barrel_zombie":1,"iceandfire:troll":2,"minecraft:bat":1,"iceandfire:ghost":4,"mca:female_villager":10,"minecraft:wither_skeleton":10},"minecraft:picked_up":{"minecraft:iron_chestplate":4,"minecraft:wheat":18,"minecraft:redstone_block":7,"minecraft:chainmail_boots":3,"minecraft:anvil":2,"vampirism:throne":1,"minecraft:diamond_sword":1,"minecraft:oak_stairs":5,"minecraft:potion":2,"minecraft:enchanted_book":3,"minecraft:golden_shovel":1,"minecraft:nether_brick":35,"minecraft:stone_brick_stairs":7,"minecraft:crimson_planks":1,"iceandfire:manuscript":1,"minecraft:string":270,"minecraft:red_nether_bricks":218,"irons_spellbooks:arcane_essence":3,"minecraft:gold_nugget":23,"minecraft:iron_pickaxe":1,"minecraft:coal_block":26,"minecraft:furnace":3,"minecraft:iron_boots":4,"minecraft:tipped_arrow":10,"minecraft:golden_helmet":1,"minecraft:stick":23,"apotheosis:gem":26,"minecraft:torch":48,"minecraft:spruce_stairs":1,"epicfight:skillbook":13,"minecraft:diorite":14,"minecraft:golden_chestplate":1,"iceandfire:troll_weapon_column_forest":1,"minecraft:quartz_block":18,"minecraft:stone_sword":1,"vampirism:blood_bottle":4,"minecraft:rotten_flesh":135,"minecraft:tropical_fish":1,"quark:calcite_bricks":1,"epicfight:stray_robe":2,"minecraft:obsidian":27,"minecraft:iron_bars":67,"minecraft:cobblestone":302,"minecraft:magma_block":26,"epicfight:stone_spear":1,"minecraft:leather_chestplate":4,"minecraft:feather":16,"minecraft:cooked_beef":9,"minecraft:iron_door":2,"minecraft:andesite":20,"minecraft:golden_leggings":2,"minecraft:potato":4,"minecraft:flint":1,"minecraft:lapis_lazuli":11,"minecraft:dirt":1320,"minecraft:leather_boots":3,"minecraft:bone":110,"minecraft:chipped_anvil":5,"minecraft:bow":3,"minecraft:wheat_seeds":132,"minecraft:bell":4,"minecraft:mossy_stone_bricks":6,"minecraft:rabbit":1,"minecraft:diamond_helmet":1,"minecraft:moss_block":2,"minecraft:oak_planks":60,"minecraft:mossy_stone_brick_stairs":5,"quark:vertical_warped_planks":1,"irons_spellbooks:frozen_bone":34,"minecraft:nether_brick_stairs":106,"minecraft:grass_block":496,"minecraft:barrel":1,"minecraft:mossy_cobblestone":5,"minecraft:diamond":7,"minecraft:soul_lantern":1,"minecraft:crossbow":3,"minecraft:granite":10,"minecraft:golden_apple":1,"minecraft:emerald":2,"minecraft:chainmail_helmet":1,"iceandfire:troll_leather_forest":9,"minecraft:oak_sapling":52,"minecraft:netherrack":155,"minecraft:oak_leaves":1,"minecraft:diamond_pickaxe":1,"minecraft:coarse_dirt":1,"minecraft:crafting_table":6,"minecraft:azure_bluet":4,"minecraft:chicken":1,"iceandfire:witherbone":3,"minecraft:ladder":3,"minecraft:turtle_helmet":3,"minecraft:golden_pickaxe":1,"irons_spellbooks:tarnished_helmet":1,"minecraft:brown_mushroom":2,"minecraft:diamond_horse_armor":2,"minecraft:chain":1,"gravestone:obituary":7,"minecraft:brick":6,"minecraft:shield":2,"epicfight:stray_pants":2,"minecraft:cornflower":1,"minecraft:iron_axe":2,"epicfight:stray_hat":1,"minecraft:netherite_scrap":1,"minecraft:compass":1,"minecraft:iron_shovel":3,"minecraft:cyan_carpet":2,"iceandfire:graveyard_soil":2,"minecraft:cracked_stone_bricks":9,"scalinghealth:chance_heart":1,"minecraft:iron_nugget":25,"minecraft:poppy":11,"minecraft:chest":1,"minecraft:spruce_trapdoor":3,"minecraft:phantom_membrane":3,"minecraft:egg":4,"minecraft:raw_iron":15,"minecraft:oak_door":2,"minecraft:spruce_fence":1,"minecraft:carrot":12,"minecraft:stone_pressure_plate":1,"iceandfire:silver_ingot":3,"minecraft:arrow":105,"minecraft:stone_shovel":1,"minecraft:nether_bricks":1442,"minecraft:hay_block":1,"minecraft:warped_sign":1,"minecraft:totem_of_undying":1,"minecraft:white_wool":3,"minecraft:oxeye_daisy":3,"minecraft:lime_bed":6,"hole_filler_mod:throwable_hole_filler_smart":1,"minecraft:air":0,"minecraft:leather":4,"minecraft:red_mushroom":2,"minecraft:oak_log":23,"minecraft:chainmail_chestplate":3,"scalinghealth:bandages":2,"iceandfire:ectoplasm":2,"minecraft:golden_boots":2,"minecraft:nether_wart_block":72,"minecraft:gunpowder":5,"minecraft:cobblestone_stairs":1,"scalinghealth:heart_crystal":7,"vampirism:human_heart":6,"minecraft:apple":5,"minecraft:stone_bricks":29,"quark:music_disc_crickets":1,"minecraft:iron_ingot":30,"minecraft:cobweb":11,"scalinghealth:power_crystal_shard":21,"minecraft:iron_sword":2,"minecraft:soul_sand":2,"minecraft:dark_oak_stairs":1,"minecraft:book":18,"scalinghealth:heart_crystal_shard":24,"minecraft:dark_oak_slab":1,"minecraft:chiseled_stone_bricks":2,"minecraft:stone_brick_slab":1,"minecraft:dandelion":38,"minecraft:gravel":100,"hole_filler_mod:throwable_hole_filler_balanced_slice":1,"minecraft:spider_eye":31,"ars_nouveau:wilden_spike":3,"minecraft:stone_axe":3,"hole_filler_mod:throwable_hole_filler":1,"minecraft:chainmail_leggings":2,"minecraft:iron_helmet":4,"mca:book_infection":1,"minecraft:baked_potato":4,"minecraft:damaged_anvil":1,"minecraft:coal":603,"minecraft:ender_pearl":1},"minecraft:dropped":{"minecraft:nether_brick_stairs":4,"minecraft:iron_sword":1,"minecraft:soul_sand":1,"minecraft:dark_oak_stairs":1,"minecraft:cooked_beef":1,"minecraft:golden_pickaxe":1,"minecraft:dark_oak_slab":1,"minecraft:crossbow":2,"iceandfire:ectoplasm":1,"minecraft:mossy_stone_brick_stairs":2,"onlyhammersandexcavators:obsidian_excavator":1,"minecraft:cracked_stone_bricks":1,"irons_spellbooks:tarnished_helmet":1,"iceandfire:graveyard_soil":2,"minecraft:cobblestone_stairs":1,"minecraft:dirt":1,"minecraft:grass":1,"minecraft:chain":1,"gravestone:obituary":24,"minecraft:gold_nugget":5,"minecraft:phantom_membrane":3,"minecraft:bone":26,"minecraft:gravel":41,"minecraft:stone_axe":1,"minecraft:iron_nugget":7,"ars_nouveau:wilden_spike":3,"minecraft:nether_brick":1,"minecraft:rotten_flesh":57,"minecraft:oak_planks":67,"vampirism:blood_bottle":2,"minecraft:carrot":4,"patchouli:guide_book":2,"minecraft:chainmail_chestplate":1,"minecraft:chiseled_stone_bricks":2,"minecraft:poppy":1,"minecraft:leather_chestplate":1,"mca:villager_editor":1,"minecraft:gunpowder":3,"hole_filler_mod:throwable_hole_filler":1,"minecraft:quartz_block":2,"minecraft:leather_boots":3,"apotheosis:gem":6,"mca:book_infection":2,"minecraft:iron_bars":19,"minecraft:stone_brick_stairs":7,"minecraft:netherrack":2,"iceandfire:manuscript":1,"minecraft:crimson_planks":1,"minecraft:enchanted_book":1,"minecraft:bread":2,"quark:vertical_warped_planks":2,"minecraft:wheat_seeds":31,"minecraft:mossy_cobblestone":1,"minecraft:iron_helmet":1,"minecraft:feather":10,"minecraft:granite":4,"minecraft:spruce_stairs":1,"minecraft:grass_block":2,"minecraft:oxeye_daisy":1,"minecraft:cobweb":10,"ars_nouveau:worn_notebook":1,"scalinghealth:heart_crystal":1,"minecraft:torch":10,"minecraft:potion":3,"quark:calcite_bricks":1,"minecraft:iron_shovel":2,"minecraft:string":207,"irons_spellbooks:frozen_bone":4,"minecraft:dandelion":29,"sophisticatedbackpacks:pickup_upgrade":1,"minecraft:redstone_block":2,"minecraft:stone_brick_slab":1,"epicfight:uchigatana":1,"minecraft:stone_shovel":1,"minecraft:iron_boots":1,"wom:diamond_legtopseal":1,"scalinghealth:power_crystal_shard":3,"minecraft:nether_bricks":17,"minecraft:spruce_fence":1,"minecraft:potato":23,"minecraft:shroomlight":64,"minecraft:spruce_trapdoor":3,"minecraft:diamond_pickaxe":1,"minecraft:andesite":16,"minecraft:mossy_stone_bricks":2,"iceandfire:silver_ingot":3,"hole_filler_mod:throwable_hole_filler_smart":2,"minecraft:oak_sapling":4,"minecraft:spider_eye":5,"minecraft:stone_bricks":2,"minecraft:bell":2,"hole_filler_mod:throwable_hole_filler_balanced_slice":1,"epicfight:skillbook":2},"minecraft:custom":{"minecraft:interact_with_crafting_table":40,"minecraft:open_barrel":19,"minecraft:bell_ring":6,"minecraft:eat_cake_slice":18,"minecraft:leave_game":18,"minecraft:time_since_death":197212,"minecraft:damage_resisted":0,"vampirism:interact_with_throne":12,"minecraft:sprint_one_cm":4311535,"minecraft:damage_blocked_by_shield":1021,"minecraft:drop":203,"vampirism:interact_with_totem":1,"minecraft:talked_to_villager":14,"minecraft:play_time":2175117,"minecraft:deaths":18,"minecraft:jump":8897,"minecraft:interact_with_brewingstand":1,"minecraft:walk_on_water_one_cm":23946,"minecraft:enchant_item":2,"minecraft:interact_with_furnace":34,"minecraft:traded_with_villager":41,"minecraft:interact_with_cartography_table":1,"vampirism:interact_with_research_table":2,"minecraft:sleep_in_bed":15,"minecraft:waystone_activated":4,"minecraft:open_enderchest":2,"minecraft:damage_dealt":120439,"minecraft:player_kills":1,"minecraft:crouch_one_cm":65530,"minecraft:interact_with_smoker":3,"minecraft:inspect_dispenser":1,"minecraft:horse_one_cm":2088,"minecraft:interact_with_smithing_table":3,"minecraft:interact_with_anvil":33,"minecraft:mob_kills":413,"minecraft:inspect_hopper":1,"minecraft:fill_cauldron":3,"minecraft:damage_dealt_resisted":60241,"minecraft:climb_one_cm":20823,"minecraft:walk_one_cm":5556550,"minecraft:damage_dealt_absorbed":1821,"minecraft:sneak_time":26503,"minecraft:walk_under_water_one_cm":48827,"minecraft:interact_with_lectern":2,"minecraft:interact_with_blast_furnace":9,"minecraft:total_world_time":2175117,"vampirism:interact_with_injection_chair":5,"minecraft:interact_with_grindstone":1,"minecraft:time_since_rest":197270,"minecraft:damage_absorbed":1280,"minecraft:damage_taken":25760,"minecraft:trigger_trapped_chest":1,"minecraft:swim_one_cm":21383,"minecraft:fly_one_cm":12419724,"minecraft:open_chest":409,"minecraft:fall_one_cm":212978}},"DataVersion":3465}