{"stats":{"minecraft:broken":{"minecraft:golden_boots":1,"minecraft:iron_boots":2,"minecraft:iron_chestplate":4,"minecraft:iron_leggings":3,"minecraft:chainmail_boots":2,"iceandfire:armor_copper_helmet":1,"minecraft:chainmail_leggings":1,"iceandfire:armor_gray_boots":1,"minecraft:diamond_leggings":1,"minecraft:chainmail_helmet":1,"minecraft:iron_helmet":2,"minecraft:turtle_helmet":2,"minecraft:iron_shovel":1,"minecraft:diamond_boots":1,"iceandfire:armor_copper_boots":1,"iceandfire:armor_gray_chestplate":1,"iceandfire:armor_gray_leggings":1,"onlyhammersandexcavators:stone_hammer":1,"iceandfire:armor_gray_helmet":1},"minecraft:custom":{"minecraft:interact_with_crafting_table":79,"minecraft:open_barrel":99,"minecraft:bell_ring":7,"minecraft:eat_cake_slice":18,"minecraft:leave_game":26,"minecraft:time_since_death":216443,"minecraft:damage_blocked_by_shield":3040,"minecraft:play_time":3182894,"minecraft:deaths":30,"minecraft:jump":13707,"minecraft:enchant_item":30,"minecraft:interact_with_furnace":40,"minecraft:play_record":13,"minecraft:traded_with_villager":41,"minecraft:interact_with_cartography_table":1,"minecraft:sleep_in_bed":20,"minecraft:waystone_activated":6,"minecraft:damage_dealt":352127,"minecraft:interact_with_smoker":3,"minecraft:inspect_dispenser":1,"minecraft:horse_one_cm":2088,"minecraft:interact_with_smithing_table":6,"minecraft:interact_with_anvil":42,"minecraft:inspect_hopper":1,"minecraft:damage_dealt_absorbed":5976,"minecraft:sneak_time":38289,"minecraft:interact_with_lectern":3,"minecraft:interact_with_blast_furnace":27,"minecraft:total_world_time":3182894,"vampirism:interact_with_injection_chair":5,"minecraft:time_since_rest":135792,"minecraft:swim_one_cm":236562,"minecraft:fly_one_cm":19789635,"minecraft:open_chest":1156,"minecraft:fall_one_cm":503460,"minecraft:animals_bred":8,"minecraft:damage_resisted":1388,"vampirism:interact_with_throne":12,"minecraft:sprint_one_cm":7101937,"vampirism:interact_with_totem":1,"minecraft:drop":441,"minecraft:talked_to_villager":16,"minecraft:interact_with_brewingstand":3,"minecraft:walk_on_water_one_cm":165377,"vampirism:interact_with_research_table":4,"minecraft:open_enderchest":7,"minecraft:player_kills":3,"minecraft:crouch_one_cm":87965,"minecraft:mob_kills":812,"minecraft:fill_cauldron":3,"minecraft:damage_dealt_resisted":105579,"minecraft:climb_one_cm":40414,"vampirism:interact_alchemical_cauldron":1,"minecraft:walk_one_cm":8031442,"minecraft:walk_under_water_one_cm":189787,"minecraft:pot_flower":1,"minecraft:interact_with_grindstone":1,"minecraft:damage_taken":86103,"minecraft:damage_absorbed":2320,"minecraft:trigger_trapped_chest":6},"minecraft:used":{"iceandfire:lectern":1,"minecraft:moss_block":2,"minecraft:nether_brick_fence":60,"minecraft:writable_book":1,"minecraft:spruce_slab":16,"minecraft:poppy":1,"minecraft:chest":6,"minecraft:warped_sign":16,"minecraft:red_nether_brick_stairs":179,"minecraft:stone":205,"farmersdelight:light_gray_hanging_canvas_sign":1,"minecraft:rotten_flesh":218,"ironchest:iron_chest":1,"minecraft:lava_bucket":10,"minecraft:warped_hyphae":23,"minecraft:red_wool":164,"minecraft:black_stained_glass_pane":8,"minecraft:grass_block":1065,"hole_filler_mod:throwable_hole_filler_balanced_slice":153,"etched:etching_table":2,"minecraft:quartz_block":1,"minecraft:dark_oak_slab":100,"minecraft:stone_brick_stairs":876,"minecraft:bow":231,"minecraft:furnace":10,"minecraft:oak_sapling":19,"minecraft:egg":1,"minecraft:potato":34,"minecraft:mossy_stone_bricks":1,"minecraft:damaged_anvil":1,"minecraft:diorite":14,"minecraft:cow_spawn_egg":8,"minecraft:spruce_door":8,"iceandfire:dragonbone_sword_ice":67,"minecraft:wooden_pickaxe":2,"minecraft:oak_leaves":35,"iceandfire:frozen_dirt":1,"minecraft:golden_apple":85,"iceandfire:dragonforge_ice_input":1,"minecraft:blast_furnace":5,"iceandfire:lightning_dragon_flesh":1,"minecraft:gray_stained_glass_pane":4,"scalinghealth:enchanted_heart":4,"born_in_chaos_v1:monster_flesh":1,"minecraft:cyan_carpet":28,"minecraft:lectern":6,"spartanweaponry:diamond_greatsword":120,"minecraft:soul_lantern":20,"minecraft:diamond_sword":864,"minecraft:smithing_table":2,"minecraft:white_stained_glass":6,"quark:blue_nether_bricks":14,"iceandfire:dragon_bone_block":6,"iceandfire:dragonforge_ice_core_disabled":1,"iceandfire:armor_gray_helmet":2,"minecraft:oak_trapdoor":4,"iceandfire:dragonforge_ice_brick":6,"minecraft:iron_bars":3,"minecraft:carved_pumpkin":10,"minecraft:armor_stand":9,"minecraft:stripped_warped_stem":92,"hole_filler_mod:throwable_hole_filler_balanced":14,"quark:spruce_bookshelf":2,"minecraft:netherrack":7,"minecraft:torch":226,"minecraft:anvil":9,"minecraft:chainmail_chestplate":2,"minecraft:nether_brick_slab":67,"quark:cherry_bookshelf":13,"minecraft:nether_brick_stairs":57,"minecraft:oak_fence_gate":2,"iceandfire:gold_pile":96,"minecraft:shroomlight":1222,"minecraft:mossy_cobblestone_stairs":1,"born_in_chaos_v1:supreme_measure":171,"minecraft:chipped_anvil":6,"minecraft:iron_block":49,"minecraft:iron_axe":228,"etched:etched_music_disc":13,"minecraft:warped_fence":73,"minecraft:chicken_spawn_egg":9,"onlyhammersandexcavators:iron_excavator":165,"minecraft:totem_of_undying":1,"minecraft:warped_stairs":3,"minecraft:beef":10,"minecraft:iron_trapdoor":32,"minecraft:trapped_chest":8,"onlyhammersandexcavators:obsidian_hammer":484,"minecraft:wheat_seeds":94,"minecraft:water_bucket":101,"minecraft:warped_hanging_sign":2,"minecraft:cauldron":4,"minecraft:sheep_spawn_egg":5,"iceandfire:dragon_skull_lightning":1,"minecraft:cracked_stone_bricks":1,"minecraft:mossy_cobblestone":1,"minecraft:oak_slab":243,"minecraft:crafting_table":15,"minecraft:red_bed":49,"minecraft:spruce_log":1,"mowziesmobs:wrought_axe":196,"minecraft:oak_log":379,"minecraft:diamond_pickaxe":2341,"minecraft:warped_trapdoor":4,"minecraft:diamond_shovel":1075,"minecraft:iron_pickaxe":133,"minecraft:pig_spawn_egg":14,"born_in_chaos_v1:staffofthe_summoner":25,"minecraft:spruce_trapdoor":5,"minecraft:chiseled_stone_bricks":417,"minecraft:cobblestone":1000,"minecraft:potion":7,"minecraft:porkchop":11,"minecraft:warped_fence_gate":4,"minecraft:glass_pane":209,"quark:nether_brick_chest":20,"minecraft:stripped_oak_log":53,"minecraft:dandelion":1,"minecraft:jukebox":2,"epicfight:uchigatana":178,"wom:satsujin":12,"minecraft:iron_shovel":871,"minecraft:light_gray_stained_glass_pane":14,"vampirism:advanced_vampire_spawn_egg":22,"minecraft:shield":19,"farmersdelight:stove":1,"minecraft:bell":5,"minecraft:grass":102,"minecraft:iron_chestplate":2,"minecraft:nether_bricks":5026,"minecraft:carrot":158,"iceandfire:frozen_stone":3,"iceandfire:chain":3,"minecraft:obsidian":32,"farmersdelight:roast_chicken":1,"wom:agony":3,"minecraft:spruce_wood":187,"minecraft:lantern":4,"minecraft:iron_helmet":1,"minecraft:dark_oak_wood":42,"onlyhammersandexcavators:stone_hammer":650,"minecraft:stone_bricks":9927,"minecraft:red_carpet":7,"minecraft:magma_block":210,"minecraft:hay_block":23,"minecraft:scaffolding":1,"ironchest:obsidian_chest":4,"ars_nouveau:sourceberry_bush":3,"grimoireofgaia:meat":1,"minecraft:golden_boots":1,"ars_nouveau:red_sbed":19,"minecraft:dark_oak_stairs":106,"epicfight:skillbook":12,"minecraft:wither_skeleton_skull":1,"iceandfire:frozen_gravel":2,"minecraft:stone_pickaxe":48,"minecraft:oak_planks":1040,"minecraft:ender_pearl":3,"minecraft:white_wool":72,"vampirism:cursed_spruce_door":5,"etched:album_jukebox":1,"minecraft:crossbow":1,"minecraft:stone_brick_wall":18,"waystones:waystone":3,"quark:blackstone_furnace":1,"minecraft:dark_oak_log":80,"minecraft:heavy_weighted_pressure_plate":6,"quark:gold_bars":1,"minecraft:bread":6,"quark:vertical_warped_planks":121,"minecraft:warped_slab":278,"minecraft:gravel":91,"minecraft:golden_helmet":1,"iceandfire:dragon_skull_fire":2,"minecraft:grindstone":1,"minecraft:cooked_rabbit":3,"minecraft:andesite":3,"minecraft:chain":42,"minecraft:cobweb":11,"minecraft:golden_pickaxe":1,"minecraft:experience_bottle":118,"minecraft:oak_fence":131,"minecraft:netherite_sword":6,"minecraft:flint_and_steel":31,"quark:calcite_bricks":442,"minecraft:spruce_planks":91,"minecraft:oak_door":10,"minecraft:dirt":6608,"minecraft:red_nether_brick_slab":772,"scalinghealth:heart_crystal":68,"minecraft:spruce_stairs":71,"minecraft:warped_door":1,"minecraft:oak_wood":565,"vampirism:throne":3,"minecraft:spruce_fence":22,"minecraft:granite":9,"mowziesmobs:wrought_helmet":2,"minecraft:dark_oak_planks":411,"minecraft:birch_door":5,"minecraft:iron_hoe":243,"minecraft:wooden_axe":1,"minecraft:stone_brick_slab":231,"minecraft:bookshelf":21,"minecraft:light_gray_stained_glass":2,"iceandfire:dragon_bone_wall":4,"minecraft:oak_stairs":1453,"minecraft:crimson_slab":4,"epicfight:diamond_tachi":529,"scalinghealth:power_crystal":143,"minecraft:crimson_planks":162,"ironchest:gold_chest":4,"scalinghealth:bandages":1,"minecraft:stone_pressure_plate":4,"minecraft:cooked_beef":70,"iceandfire:dragonbone_pickaxe":146,"iceandfire:fire_dragon_flesh":1,"minecraft:cobblestone_stairs":62,"minecraft:snow_block":7,"minecraft:polished_andesite":7,"minecraft:baked_potato":68,"minecraft:red_nether_bricks":1944,"born_in_chaos_v1:dark_stained_glass_panel":363,"scalinghealth:chance_heart":8,"iceandfire:dread_knight_sword":4,"quark:shiba_spawn_egg":1,"minecraft:chiseled_nether_bricks":56,"spartanweaponry:dynamite":36,"minecraft:lime_bed":5,"minecraft:painting":29,"minecraft:warped_planks":9,"minecraft:apple":19,"minecraft:chicken":4,"minecraft:netherite_axe":13,"minecraft:cracked_nether_bricks":5,"iceandfire:spawn_egg_troll":2,"vampirism:cursed_spruce_trapdoor":27,"vampirism:vampire_baron_spawn_egg":16,"minecraft:turtle_helmet":1,"born_in_chaos_v1:tombstone_dark_titan_066":1,"minecraft:bucket":5},"minecraft:crafted":{"iceandfire:armor_copper_boots":1,"sophisticatedbackpacks:anvil_upgrade":1,"sophisticatedbackpacks:crafting_upgrade":1,"minecraft:diamond_shovel":1,"minecraft:nether_brick":113,"minecraft:bookshelf":1,"sophisticatedbackpacks:smelting_upgrade":1,"born_in_chaos_v1:nightmare_mantleofthe_night_chestplate":1,"vampirism:throne":1,"iceandfire:armor_gray_boots":1,"minecraft:emerald":23,"minecraft:smithing_table":1,"minecraft:red_nether_bricks":144,"iceandfire:armor_gray_chestplate":1,"minecraft:lectern":1,"iceandfire:dragonbone_sword_ice":1,"quark:oak_chest":2,"minecraft:iron_block":12,"minecraft:gold_ingot":7,"iceandfire:dragon_bone_wall":3,"minecraft:jukebox":1,"onlyhammersandexcavators:obsidian_excavator":1,"sophisticatedbackpacks:jukebox_upgrade":1,"minecraft:white_carpet":3,"minecraft:ender_pearl":3,"iceandfire:chain":1,"iceandfire:dragonbone_sword":1,"sophisticatedbackpacks:gold_backpack":2,"onlyhammersandexcavators:iron_excavator":1,"minecraft:red_carpet":3,"minecraft:golden_apple":14,"minecraft:oak_planks":44,"onlyhammersandexcavators:obsidian_hammer":1,"iceandfire:lectern":1,"born_in_chaos_v1:dark_metal_ingot":6,"iceandfire:armor_gray_helmet":1,"onlyhammersandexcavators:stone_hammer":1,"minecraft:oak_slab":6,"sophisticatedbackpacks:backpack":2,"minecraft:crafting_table":6,"minecraft:wooden_pickaxe":1,"iceandfire:armor_copper_leggings":1,"sophisticatedbackpacks:upgrade_base":3,"born_in_chaos_v1:staffofthe_summoner":1,"minecraft:stick":4,"sophisticatedbackpacks:diamond_backpack":2,"minecraft:iron_ingot":22,"iceandfire:armor_copper_helmet":1,"minecraft:redstone":6,"minecraft:coal":18,"iceandfire:armor_gray_leggings":1,"born_in_chaos_v1:nightmare_mantleofthe_night_boots":1,"born_in_chaos_v1:bone_handle":1,"minecraft:iron_hoe":1,"iceandfire:dragon_bone_block":9,"sophisticatedbackpacks:iron_backpack":2,"minecraft:red_dye":6,"minecraft:diamond_sword":1,"iceandfire:dragonforge_ice_core_disabled":1,"minecraft:nether_bricks":28,"spartanweaponry:handle":1,"scalinghealth:heart_crystal":1,"iceandfire:dragonbone_pickaxe":1,"minecraft:air":0,"iceandfire:dragonbone":72,"iceandfire:bestiary":1,"minecraft:anvil":3,"minecraft:lapis_lazuli":12},"minecraft:killed":{"vampirism:vampire":7,"minecraft:cave_spider":22,"vampirism:advanced_vampire":6,"born_in_chaos_v1:zombie_lumberjack":1,"born_in_chaos_v1:skeleton_demoman":1,"born_in_chaos_v1:pumpkin_spirit":1,"born_in_chaos_v1:siamese_skeletonsright":1,"born_in_chaos_v1:baby_skeleton_minion":2,"minecraft:skeleton":99,"vampirism:blinding_bat":4,"grimoireofgaia:mimic":2,"minecraft:chicken":4,"vampirism:advanced_hunter":1,"iceandfire:dread_scuttler":15,"born_in_chaos_v1:supreme_bonescaller_stage_2":1,"minecraft:skeleton_horse":1,"grimoireofgaia:flesh_lich":1,"minecraft:magma_cube":4,"born_in_chaos_v1:dread_hound_not_despawn":3,"minecraft:pillager":2,"minecraft:zombie":155,"grimoireofgaia:deathword":2,"born_in_chaos_v1:corpse_fly":4,"mca:male_villager":8,"iceandfire:dread_ghoul":19,"born_in_chaos_v1:door_knight":1,"minecraft:cow":9,"mowziesmobs:naga":1,"minecraft:evoker":2,"mca:male_zombie_villager":1,"minecraft:vindicator":5,"iceandfire:dread_beast":10,"born_in_chaos_v1:skeleton_thrasher_not_despawn":1,"iceandfire:dread_knight":37,"mowziesmobs:ferrous_wroughtnaut":1,"born_in_chaos_v1:seared_spirit_not_despawn":2,"born_in_chaos_v1:barrel_zombie":2,"born_in_chaos_v1:spirit_guide":1,"born_in_chaos_v1:bone_imp_minion":7,"minecraft:rabbit":2,"born_in_chaos_v1:decrepit_skeleton":7,"born_in_chaos_v1:bloody_gadfly":1,"iceandfire:ghost":4,"born_in_chaos_v1:dark_vortex":1,"iceandfire:ice_dragon":2,"mca:female_villager":10,"minecraft:witch":1,"minecraft:spider":67,"born_in_chaos_v1:scarlet_persecutor":2,"grimoireofgaia:orc":1,"minecraft:silverfish":5,"born_in_chaos_v1:firelight_not_despawn":3,"minecraft:pig":10,"born_in_chaos_v1:diamond_termite":3,"grimoireofgaia:bone_knight":1,"irons_spellbooks:necromancer":5,"minecraft:creeper":7,"vampirism:hunter":54,"minecraft:sheep":5,"born_in_chaos_v1:dread_hound":3,"grimoireofgaia:harpy":4,"minecraft:stray":52,"born_in_chaos_v1:siamese_skeletonsleft":1,"minecraft:vex":2,"irons_spellbooks:summoned_zombie":2,"born_in_chaos_v1:maggot":18,"minecraft:phantom":4,"grimoireofgaia:ender_eye":1,"iceandfire:dread_thrall":18,"iceandfire:fire_dragon":1,"born_in_chaos_v1:corpse_fish":2,"born_in_chaos_v1:fallen_chaos_knight":2,"born_in_chaos_v1:swarmer":1,"born_in_chaos_v1:baby_skeleton":4,"born_in_chaos_v1:spirit_guide_assistant":4,"iceandfire:troll":2,"minecraft:bat":2,"born_in_chaos_v1:decaying_zombie":5,"born_in_chaos_v1:bonescaller_not_despawn":2,"grimoireofgaia:arachne":1,"born_in_chaos_v1:nightmare_stalker":1,"grimoireofgaia:kobold":1,"minecraft:wither_skeleton":16},"minecraft:mined":{"iceandfire:dread_torch":8,"irons_spellbooks:armor_pile":1,"minecraft:red_nether_bricks":224,"minecraft:potted_crimson_fungus":1,"minecraft:obsidian":27,"minecraft:granite":24,"born_in_chaos_v1:dark_metal_deposit":7,"minecraft:coal_block":31,"minecraft:chiseled_stone_bricks":1,"minecraft:spawner":328,"minecraft:magma_block":26,"minecraft:mossy_cobblestone_stairs":4,"minecraft:fire":3,"minecraft:barrel":1,"minecraft:nether_brick_stairs":108,"minecraft:dirt_path":94,"scalinghealth:deepslate_power_crystal_ore":1,"iceandfire:dread_stone_bricks_cracked":6,"minecraft:iron_block":2,"ars_nouveau:light_block":1,"minecraft:torch":18,"minecraft:damaged_anvil":4,"minecraft:skeleton_skull":5,"minecraft:chain":1,"minecraft:wheat":5,"minecraft:stone_brick_stairs":4,"iceandfire:dragonforge_ice_input":2,"minecraft:grass":257,"minecraft:deepslate":1,"iceandfire:silver_ore":2,"minecraft:mossy_cobblestone":14,"minecraft:dark_oak_log":1,"minecraft:nether_bricks":1509,"minecraft:spruce_fence":1,"born_in_chaos_v1:black_argillite":32,"minecraft:moss_block":2,"born_in_chaos_v1:gnawed_bones":2,"minecraft:andesite":46,"minecraft:mossy_stone_brick_stairs":6,"minecraft:vine":64,"minecraft:white_wool":3,"minecraft:redstone_block":8,"minecraft:soul_sand":2,"minecraft:dandelion":8,"iceandfire:frozen_gravel":2,"minecraft:smooth_sandstone":1,"minecraft:tall_grass":45,"minecraft:diorite":19,"minecraft:coarse_dirt":1,"minecraft:gravel":65,"minecraft:dripstone_block":3,"minecraft:stone_bricks":29,"minecraft:chipped_anvil":5,"minecraft:stone_pressure_plate":3,"iceandfire:graveyard_soil":8,"minecraft:cobblestone_stairs":1,"minecraft:grass_block":1577,"vampirism:throne":1,"iceandfire:dread_spawner":19,"ars_nouveau:sourceberry_bush":4,"born_in_chaos_v1:pile_of_skulls":1,"minecraft:iron_ore":57,"iceandfire:dragon_bone_wall":1,"minecraft:anvil":2,"minecraft:azure_bluet":1,"minecraft:iron_bars":126,"minecraft:quartz_block":103,"minecraft:poppy":4,"iceandfire:ghost_chest":1,"iceandfire:frozen_dirt":1,"born_in_chaos_v1:black_argillite_column_slab":1,"minecraft:cobblestone":135,"minecraft:oak_planks":40,"minecraft:iron_door":4,"minecraft:wall_torch":17,"born_in_chaos_v1:tombstone_dark_titan_066":1,"minecraft:nether_wart_block":76,"born_in_chaos_v1:fired_black_argillite":2,"minecraft:stripped_oak_wood":2,"minecraft:tnt":3,"iceandfire:dread_stone_bricks_mossy":1,"minecraft:oak_log":15,"minecraft:dirt":112,"minecraft:netherrack":172,"iceandfire:dread_stone_bricks":3,"minecraft:oak_leaves":5,"iceandfire:frozen_cobblestone":6,"born_in_chaos_v1:infected_diamond_ore":3,"minecraft:glow_lichen":1,"gravestone:gravestone":27,"iceandfire:frozen_stone":9,"minecraft:weeping_vines":1,"iceandfire:dragonforge_ice_brick":21,"minecraft:sandstone":1,"minecraft:large_fern":7,"minecraft:hay_block":1,"minecraft:furnace":4,"minecraft:carrots":30,"iceandfire:dragon_bone_block":9,"minecraft:bookshelf":65,"minecraft:stone":304,"minecraft:polished_granite":1,"minecraft:crafting_table":7,"minecraft:spruce_stairs":1,"minecraft:lime_bed":6,"minecraft:sweet_berry_bush":1,"minecraft:coal_ore":24,"minecraft:cracked_stone_bricks":7,"minecraft:polished_andesite":7,"minecraft:mossy_stone_bricks":18},"minecraft:dropped":{"minecraft:iron_sword":2,"minecraft:cooked_beef":1,"minecraft:glass_bottle":1,"minecraft:dark_oak_slab":1,"minecraft:crossbow":3,"minecraft:mossy_stone_brick_stairs":2,"iceandfire:ectoplasm":1,"minecraft:cracked_stone_bricks":3,"irons_spellbooks:tarnished_helmet":1,"epicfight:stray_hat":1,"minecraft:leather_helmet":1,"minecraft:item_frame":1,"born_in_chaos_v1:monster_flesh":5,"minecraft:grass":1,"minecraft:dirt":8,"iceandfire:dragonforge_fire_core":64,"minecraft:horn_coral":1,"irons_spellbooks:arcane_essence":2,"minecraft:chain":1,"minecraft:gold_nugget":6,"minecraft:phantom_membrane":3,"iceandfire:dragonforge_fire_brick":64,"minecraft:iron_pickaxe":1,"ars_nouveau:source_gem":5,"minecraft:bone":51,"minecraft:stone_axe":1,"minecraft:iron_nugget":9,"minecraft:nether_brick":1,"minecraft:wheat":4,"minecraft:obsidian":2,"minecraft:rotten_flesh":117,"minecraft:oak_planks":67,"spartanweaponry:diamond_greatsword":1,"iceandfire:shiny_scales":1,"iceandfire:dragonforge_fire_input":64,"minecraft:tipped_arrow":63,"hole_filler_mod:throwable_hole_filler":1,"minecraft:quartz_block":2,"minecraft:leather_boots":4,"apotheosis:gem":13,"minecraft:leather_leggings":1,"mca:book_infection":2,"minecraft:stone_brick_stairs":8,"iceandfire:manuscript":1,"minecraft:enchanted_book":9,"minecraft:crimson_planks":1,"minecraft:golden_boots":2,"quark:vertical_warped_planks":2,"minecraft:wheat_seeds":32,"etched:etched_music_disc":3,"minecraft:dripstone_block":2,"minecraft:prismarine_crystals":4,"minecraft:iron_helmet":1,"minecraft:feather":14,"minecraft:cobblestone":16,"relics:midnight_robe":1,"minecraft:granite":7,"minecraft:chainmail_helmet":2,"minecraft:pufferfish":1,"minecraft:polished_andesite":2,"minecraft:oxeye_daisy":1,"minecraft:cobweb":10,"born_in_chaos_v1:gnawed_bones":2,"born_in_chaos_v1:black_argillite":10,"iceandfire:copper_nugget":8,"minecraft:diamond_helmet":2,"minecraft:potion":4,"quark:calcite_bricks":1,"minecraft:iron_shovel":2,"minecraft:string":213,"minecraft:trapped_chest":2,"sophisticatedbackpacks:pickup_upgrade":1,"minecraft:stone_brick_slab":1,"iceandfire:silver_nugget":10,"born_in_chaos_v1:rotten_fish":3,"minecraft:stone_shovel":1,"epicfight:diamond_tachi":1,"minecraft:chicken":1,"minecraft:iron_boots":1,"sophisticatedbackpacks:backpack":1,"scalinghealth:power_crystal_shard":3,"minecraft:nether_bricks":17,"minecraft:spruce_fence":1,"minecraft:lily_of_the_valley":2,"minecraft:hay_block":2,"minecraft:potato":23,"minecraft:shroomlight":64,"minecraft:flower_pot":2,"minecraft:spruce_trapdoor":3,"minecraft:diamond_pickaxe":1,"iceandfire:silver_ingot":3,"hole_filler_mod:throwable_hole_filler_smart":2,"minecraft:spider_eye":18,"minecraft:stone_bricks":4,"minecraft:bell":2,"hole_filler_mod:throwable_hole_filler_balanced_slice":1,"epicfight:skillbook":5,"minecraft:nether_brick_stairs":4,"minecraft:soul_sand":1,"minecraft:dark_oak_stairs":1,"minecraft:golden_pickaxe":1,"minecraft:leather":2,"onlyhammersandexcavators:obsidian_excavator":1,"iceandfire:dread_stone_bricks_cracked":1,"minecraft:polished_blackstone_brick_wall":1,"minecraft:flint":1,"iceandfire:graveyard_soil":2,"minecraft:cobblestone_stairs":1,"gravestone:obituary":44,"minecraft:polished_blackstone_bricks":13,"epicfight:stray_robe":2,"minecraft:gravel":42,"minecraft:crimson_fungus":1,"minecraft:blackstone":3,"ars_nouveau:wilden_spike":3,"born_in_chaos_v1:fire_dust":2,"minecraft:smooth_sandstone_stairs":14,"born_in_chaos_v1:ethereal_spirit":1,"vampirism:blood_bottle":2,"minecraft:carrot":4,"patchouli:guide_book":2,"minecraft:chainmail_chestplate":2,"minecraft:chiseled_stone_bricks":2,"minecraft:poppy":1,"minecraft:leather_chestplate":1,"mca:villager_editor":1,"born_in_chaos_v1:seedof_chaos":1,"minecraft:gunpowder":5,"minecraft:skeleton_skull":1,"born_in_chaos_v1:corpse_maggot":6,"minecraft:chainmail_boots":1,"iceandfire:dread_knight_sword":1,"minecraft:blackstone_slab":6,"minecraft:basalt":15,"minecraft:iron_bars":25,"minecraft:arrow":1,"minecraft:netherrack":2,"minecraft:bread":2,"minecraft:golden_helmet":1,"minecraft:mossy_cobblestone":1,"minecraft:spruce_stairs":1,"minecraft:grass_block":2,"ars_nouveau:worn_notebook":1,"scalinghealth:heart_crystal":1,"minecraft:torch":10,"minecraft:fire_charge":1,"minecraft:polished_andesite_stairs":3,"minecraft:iron_axe":1,"irons_spellbooks:frozen_bone":15,"epicfight:stray_pants":1,"iceandfire:dragon_bone_block":128,"minecraft:redstone_block":2,"minecraft:dandelion":29,"iceandfire:dragonbone":3,"epicfight:uchigatana":1,"minecraft:coarse_dirt":2,"minecraft:wild_armor_trim_smithing_template":4,"iceandfire:witherbone":2,"minecraft:raw_iron":1,"wom:diamond_legtopseal":1,"minecraft:glass_pane":1,"minecraft:shield":2,"minecraft:andesite":35,"minecraft:mossy_stone_bricks":2,"minecraft:oak_sapling":7,"minecraft:raw_gold":1},"minecraft:picked_up":{"iceandfire:dread_stone_bricks":3,"minecraft:iron_chestplate":4,"minecraft:chainmail_boots":6,"minecraft:flower_pot":2,"minecraft:anvil":2,"minecraft:diamond_sword":1,"minecraft:oak_stairs":15,"minecraft:enchanted_book":6,"minecraft:golden_shovel":1,"iceandfire:manuscript":1,"minecraft:string":295,"minecraft:red_nether_bricks":218,"minecraft:pufferfish":1,"minecraft:shroomlight":1,"minecraft:diamond_leggings":1,"minecraft:gold_nugget":27,"iceandfire:dragonforge_ice_brick":21,"minecraft:coal_block":28,"minecraft:golden_helmet":6,"born_in_chaos_v1:shattered_skull":2,"iceandfire:dread_torch":8,"iceandfire:lightning_dragon_flesh":2,"minecraft:golden_chestplate":1,"minecraft:stone_sword":1,"vampirism:blood_bottle":5,"grimoireofgaia:stone_coal":2,"minecraft:tropical_fish":1,"quark:calcite_bricks":1,"iceandfire:fire_dragon_heart":2,"minecraft:iron_block":2,"ars_nouveau:sourceberry_bush":5,"epicfight:stray_robe":7,"minecraft:iron_bars":127,"minecraft:snowball":5,"iceandfire:sapphire_gem":3,"minecraft:magma_block":26,"minecraft:feather":23,"minecraft:cooked_beef":9,"born_in_chaos_v1:spiritual_dust":5,"minecraft:iron_door":5,"minecraft:flint":3,"minecraft:chipped_anvil":5,"minecraft:rabbit":2,"minecraft:diamond_helmet":1,"minecraft:moss_block":2,"quark:vertical_warped_planks":1,"iceandfire:dragonscales_sapphire":34,"iceandfire:dragon_skull_fire":2,"iceandfire:shiny_scales":1,"scalinghealth:enchanted_heart":1,"iceandfire:lightning_dragon_heart":1,"minecraft:fermented_spider_eye":1,"minecraft:trapped_chest":2,"minecraft:barrel":1,"minecraft:polished_andesite":7,"minecraft:granite":17,"minecraft:chainmail_helmet":6,"iceandfire:troll_leather_forest":9,"born_in_chaos_v1:rotten_fish":3,"minecraft:bricks":1,"sophisticatedbackpacks:gold_backpack":1,"minecraft:diamond_pickaxe":1,"iceandfire:dragon_skull_lightning":1,"minecraft:crafting_table":8,"minecraft:coarse_dirt":3,"iceandfire:witherbone":5,"irons_spellbooks:tarnished_helmet":1,"minecraft:leather_leggings":2,"born_in_chaos_v1:seedof_chaos":4,"minecraft:golden_pickaxe":1,"gravestone:obituary":24,"born_in_chaos_v1:fired_black_argillite":1,"epicfight:stray_pants":6,"minecraft:cornflower":1,"epicfight:stray_hat":5,"minecraft:netherite_scrap":1,"minecraft:compass":1,"minecraft:iron_shovel":3,"minecraft:glass_pane":1,"iceandfire:graveyard_soil":2,"minecraft:cracked_stone_bricks":12,"minecraft:beef":10,"iceandfire:dread_knight_sword":4,"iceandfire:dread_shard":50,"born_in_chaos_v1:gnawed_bones":2,"minecraft:poppy":11,"minecraft:iron_nugget":41,"minecraft:chest":2,"minecraft:birch_sapling":3,"minecraft:egg":4,"minecraft:oak_door":2,"minecraft:spruce_fence":2,"minecraft:fire_charge":1,"farmersdelight:tomato_seeds":3,"minecraft:carrot":118,"born_in_chaos_v1:pieceofdarkmetal":17,"minecraft:redstone":76,"minecraft:prismarine_crystals":4,"iceandfire:dragon_skull_ice":2,"minecraft:tnt":1,"minecraft:stone_shovel":1,"grimoireofgaia:bag_book":1,"minecraft:peony":7,"minecraft:hay_block":3,"minecraft:warped_sign":2,"minecraft:totem_of_undying":1,"minecraft:mutton":3,"minecraft:white_wool":5,"minecraft:oxeye_daisy":3,"minecraft:lime_bed":6,"vampirism:vampire_blood_bottle":1,"born_in_chaos_v1:black_argillite_column_slab":1,"born_in_chaos_v1:monster_flesh":3,"minecraft:blackstone_slab":6,"minecraft:red_mushroom":2,"minecraft:oak_log":32,"scalinghealth:bandages":6,"minecraft:golden_boots":5,"mowziesmobs:wrought_axe":1,"minecraft:paper":1,"minecraft:apple":8,"minecraft:stone_bricks":36,"minecraft:cobweb":11,"scalinghealth:power_crystal_shard":26,"minecraft:glass_bottle":5,"apotheosis:gem_dust":3,"minecraft:iron_sword":5,"minecraft:dark_oak_stairs":1,"minecraft:polished_andesite_stairs":3,"iceandfire:copper_nugget":8,"minecraft:dark_oak_slab":1,"born_in_chaos_v1:orbofthe_summoner":2,"born_in_chaos_v1:ethereal_spirit":3,"minecraft:gravel":102,"minecraft:spruce_sapling":2,"minecraft:spruce_log":2,"minecraft:leather_helmet":1,"iceandfire:dragonscales_copper":17,"minecraft:stone_axe":3,"hole_filler_mod:throwable_hole_filler":1,"iceandfire:dragonforge_ice_input":2,"minecraft:gray_wool":1,"iceandfire:ice_dragon_flesh":6,"minecraft:polished_blackstone_brick_wall":1,"minecraft:baked_potato":5,"mca:book_infection":1,"minecraft:ender_pearl":5,"irons_spellbooks:scroll":1,"minecraft:wheat":28,"minecraft:redstone_block":7,"vampirism:throne":1,"quark:music_disc_drips":1,"minecraft:potion":6,"minecraft:nether_brick":35,"minecraft:stone_brick_stairs":10,"born_in_chaos_v1:bloody_gadfly_eye":1,"minecraft:crimson_planks":1,"born_in_chaos_v1:black_argillite":42,"irons_spellbooks:arcane_essence":12,"minecraft:rose_bush":6,"minecraft:iron_pickaxe":5,"iceandfire:frozen_gravel":2,"minecraft:iron_boots":4,"minecraft:furnace":4,"minecraft:tipped_arrow":213,"minecraft:stick":29,"apotheosis:gem":42,"minecraft:torch":91,"born_in_chaos_v1:flaming_evil_pumpkin":1,"minecraft:spruce_stairs":1,"epicfight:skillbook":19,"minecraft:porkchop":11,"minecraft:diorite":18,"born_in_chaos_v1:nightmare_claw":1,"iceandfire:troll_weapon_column_forest":1,"iceandfire:dragon_bone_wall":1,"minecraft:quartz_block":30,"etched:etched_music_disc":13,"minecraft:rotten_flesh":230,"minecraft:obsidian":31,"minecraft:cobblestone":423,"minecraft:leather_chestplate":6,"epicfight:stone_spear":1,"minecraft:lilac":2,"minecraft:andesite":41,"minecraft:golden_leggings":3,"minecraft:potato":5,"minecraft:smooth_sandstone_stairs":14,"minecraft:horn_coral":1,"minecraft:dirt":1369,"minecraft:lapis_lazuli":76,"iceandfire:dragonscales_bronze":16,"born_in_chaos_v1:monster_skin":7,"minecraft:leather_boots":6,"minecraft:bone":265,"minecraft:bow":6,"ars_nouveau:source_gem":5,"minecraft:wheat_seeds":152,"minecraft:raw_gold":1,"minecraft:bell":4,"minecraft:mossy_stone_bricks":12,"minecraft:oak_planks":62,"minecraft:mossy_stone_brick_stairs":6,"irons_spellbooks:frozen_bone":81,"minecraft:nether_brick_stairs":107,"minecraft:grass_block":496,"minecraft:lily_of_the_valley":2,"iceandfire:frozen_dirt":1,"minecraft:mossy_cobblestone":10,"iceandfire:dragon_bone_block":9,"born_in_chaos_v1:fire_dust":4,"minecraft:diamond":9,"minecraft:soul_lantern":1,"iceandfire:dread_stone_bricks_mossy":1,"minecraft:crossbow":5,"minecraft:golden_apple":2,"minecraft:emerald":2,"minecraft:oak_sapling":62,"minecraft:netherrack":157,"iceandfire:silver_nugget":65,"minecraft:oak_leaves":1,"minecraft:charcoal":4,"born_in_chaos_v1:diamond_termite_shard":2,"minecraft:azure_bluet":4,"minecraft:chicken":5,"minecraft:ladder":12,"minecraft:turtle_helmet":3,"minecraft:brown_mushroom":2,"ars_nouveau:warp_scroll":2,"minecraft:diamond_horse_armor":2,"iceandfire:frozen_cobblestone":5,"minecraft:chain":3,"minecraft:brick":6,"minecraft:shield":11,"iceandfire:frozen_stone":8,"minecraft:iron_axe":2,"minecraft:item_frame":1,"minecraft:cyan_carpet":2,"minecraft:blackstone":11,"scalinghealth:chance_heart":6,"minecraft:spruce_trapdoor":4,"minecraft:phantom_membrane":3,"iceandfire:ice_dragon_heart":2,"minecraft:raw_iron":68,"iceandfire:dragonbone":50,"iceandfire:dragonscales_gray":40,"grimoireofgaia:meat":1,"minecraft:polished_blackstone_bricks":13,"minecraft:iron_horse_armor":1,"minecraft:stone_pressure_plate":3,"iceandfire:silver_ingot":5,"minecraft:arrow":168,"minecraft:nether_bricks":1444,"minecraft:skeleton_skull":6,"born_in_chaos_v1:corpse_maggot":11,"hole_filler_mod:throwable_hole_filler_smart":1,"minecraft:air":0,"minecraft:basalt":15,"minecraft:leather":11,"minecraft:crimson_fungus":1,"iceandfire:dread_stone_bricks_cracked":6,"minecraft:chainmail_chestplate":5,"iceandfire:ectoplasm":2,"minecraft:nether_wart_block":72,"minecraft:gunpowder":12,"minecraft:cobblestone_stairs":3,"scalinghealth:heart_crystal":23,"relics:midnight_robe":1,"vampirism:human_heart":6,"quark:music_disc_crickets":1,"minecraft:iron_ingot":43,"iceandfire:fire_dragon_flesh":2,"minecraft:soul_sand":2,"minecraft:book":209,"minecraft:oak_slab":2,"scalinghealth:heart_crystal_shard":38,"minecraft:chiseled_stone_bricks":2,"minecraft:stone_brick_slab":1,"minecraft:dandelion":38,"minecraft:dripstone_block":2,"born_in_chaos_v1:dark_rod":1,"mowziesmobs:wrought_helmet":1,"hole_filler_mod:throwable_hole_filler_balanced_slice":1,"minecraft:spruce_door":1,"minecraft:spider_eye":52,"ars_nouveau:wilden_spike":5,"epicfight:diamond_tachi":1,"minecraft:chainmail_leggings":3,"minecraft:iron_helmet":4,"minecraft:mossy_cobblestone_stairs":2,"born_in_chaos_v1:tombstone_dark_titan_066":1,"minecraft:damaged_anvil":4,"minecraft:coal":633},"minecraft:killed_by":{"minecraft:pillager":1,"irons_spellbooks:citadel_keeper":1,"minecraft:vex":1,"born_in_chaos_v1:baby_skeleton_minion":1,"minecraft:stray":4,"cataclysm:netherite_monstrosity":1,"minecraft:evoker":1,"minecraft:wither_skeleton":2,"born_in_chaos_v1:bone_imp_minion":1,"grimoireofgaia:bone_knight":2,"minecraft:cave_spider":2,"iceandfire:fire_dragon":1,"mowziesmobs:ferrous_wroughtnaut":1,"minecraft:skeleton":7,"irons_spellbooks:archevoker":1}},"DataVersion":3465}