{"stats":{"minecraft:picked_up":{"minecraft:iron_chestplate":4,"minecraft:redstone_block":13,"minecraft:chainmail_boots":3,"minecraft:anvil":3,"irons_spellbooks:affinity_ring":2,"vampirism:throne":3,"minecraft:diamond_sword":1,"minecraft:oak_stairs":5,"minecraft:potion":3,"minecraft:enchanted_book":6,"minecraft:golden_shovel":1,"minecraft:nether_brick":41,"minecraft:stone_brick_stairs":6,"farmersdelight:cutting_board":2,"iceandfire:manuscript":1,"minecraft:string":278,"minecraft:red_nether_bricks":334,"minecraft:iron_leggings":3,"minecraft:shroomlight":6,"irons_spellbooks:arcane_essence":5,"minecraft:cobbled_deepslate":99,"minecraft:gold_nugget":92,"minecraft:iron_pickaxe":1,"minecraft:coal_block":32,"minecraft:iron_boots":6,"minecraft:furnace":6,"minecraft:tipped_arrow":9,"minecraft:golden_helmet":1,"apotheosis:gem":26,"minecraft:stick":25,"minecraft:oak_fence":17,"minecraft:torch":37,"minecraft:spruce_stairs":1,"epicfight:skillbook":12,"minecraft:porkchop":4,"vampirism:vampire_fang":1,"minecraft:diorite":14,"minecraft:golden_chestplate":1,"minecraft:quartz_block":19,"minecraft:stone_sword":1,"vampirism:blood_bottle":4,"minecraft:rotten_flesh":140,"epicfight:stray_robe":2,"minecraft:obsidian":39,"minecraft:iron_bars":70,"minecraft:cobblestone":402,"minecraft:magma_block":388,"epicfight:stone_spear":1,"minecraft:leather_chestplate":4,"minecraft:feather":14,"minecraft:cooked_beef":9,"minecraft:iron_door":2,"minecraft:andesite":20,"minecraft:golden_leggings":2,"minecraft:flint":6,"minecraft:tuff":67,"minecraft:lapis_lazuli":11,"minecraft:dirt":1286,"minecraft:leather_boots":3,"irons_spellbooks:hogskin":13,"minecraft:bone":128,"minecraft:chipped_anvil":5,"minecraft:bow":3,"minecraft:wheat_seeds":137,"minecraft:bell":2,"minecraft:mossy_stone_bricks":11,"minecraft:diamond_helmet":1,"minecraft:moss_block":2,"minecraft:oak_planks":97,"minecraft:mossy_stone_brick_stairs":5,"irons_spellbooks:frozen_bone":31,"minecraft:cooked_porkchop":12,"minecraft:nether_brick_stairs":126,"minecraft:grass_block":832,"minecraft:spectral_arrow":27,"minecraft:mossy_cobblestone":6,"minecraft:diamond":25,"waystones:waystone":1,"minecraft:crossbow":3,"minecraft:granite":14,"minecraft:golden_apple":1,"minecraft:chainmail_helmet":1,"minecraft:emerald":2,"minecraft:oak_sapling":55,"minecraft:netherrack":1603,"minecraft:oak_leaves":1,"minecraft:crimson_roots":2,"minecraft:diamond_pickaxe":3,"minecraft:crafting_table":7,"minecraft:azure_bluet":1,"minecraft:chicken":1,"iceandfire:witherbone":3,"minecraft:turtle_helmet":2,"minecraft:golden_pickaxe":1,"irons_spellbooks:tarnished_helmet":2,"minecraft:diamond_horse_armor":2,"gravestone:obituary":16,"minecraft:brick":6,"minecraft:shield":2,"epicfight:stray_pants":1,"minecraft:cornflower":3,"minecraft:iron_axe":2,"epicfight:stray_hat":1,"minecraft:netherite_scrap":1,"minecraft:compass":1,"minecraft:iron_shovel":3,"minecraft:blackstone":68,"iceandfire:graveyard_soil":2,"minecraft:cracked_stone_bricks":4,"minecraft:iron_nugget":48,"minecraft:poppy":11,"minecraft:chest":1,"minecraft:spruce_trapdoor":3,"minecraft:phantom_membrane":3,"minecraft:egg":3,"minecraft:raw_iron":124,"minecraft:oak_door":1,"minecraft:fire_charge":2,"farmersdelight:tomato_seeds":4,"minecraft:carrot":4,"minecraft:stone_pressure_plate":1,"iceandfire:silver_ingot":3,"minecraft:arrow":115,"minecraft:weeping_vines":9,"minecraft:stone_shovel":1,"minecraft:nether_bricks":2233,"minecraft:hay_block":1,"minecraft:gold_ingot":49,"minecraft:totem_of_undying":1,"minecraft:skeleton_skull":7,"minecraft:white_wool":3,"minecraft:oxeye_daisy":4,"minecraft:lime_bed":6,"minecraft:air":0,"minecraft:crimson_stem":31,"minecraft:leather":11,"minecraft:oak_log":100,"minecraft:chainmail_chestplate":3,"scalinghealth:bandages":8,"iceandfire:ectoplasm":2,"minecraft:golden_boots":2,"minecraft:nether_wart_block":272,"minecraft:gunpowder":5,"minecraft:cobblestone_stairs":1,"scalinghealth:heart_crystal":10,"quark:forgotten_hat":1,"minecraft:apple":6,"minecraft:stone_bricks":29,"quark:music_disc_crickets":1,"minecraft:iron_ingot":25,"minecraft:oak_fence_gate":3,"minecraft:cobweb":11,"scalinghealth:power_crystal_shard":21,"irons_spellbooks:cinder_essence":1,"minecraft:iron_sword":3,"minecraft:soul_sand":15,"sophisticatedbackpacks:diamond_backpack":1,"minecraft:book":30,"scalinghealth:heart_crystal_shard":13,"minecraft:pumpkin":11,"minecraft:chiseled_stone_bricks":1,"minecraft:dandelion":38,"mca:divorce_papers":1,"minecraft:gravel":203,"minecraft:amethyst_shard":24,"minecraft:blast_furnace":1,"minecraft:crying_obsidian":2,"minecraft:spider_eye":33,"ars_nouveau:wilden_spike":3,"minecraft:stone_axe":3,"minecraft:chainmail_leggings":2,"minecraft:iron_helmet":4,"mca:book_infection":3,"minecraft:baked_potato":4,"minecraft:damaged_anvil":1,"minecraft:netherite_hoe":1,"minecraft:coal":242,"minecraft:hopper":3,"minecraft:sunflower":2,"minecraft:ender_pearl":5},"minecraft:killed_by":{"minecraft:evoker":1,"minecraft:wither_skeleton":2,"minecraft:pillager":1,"irons_spellbooks:summoned_zombie":1,"irons_spellbooks:citadel_keeper":1,"minecraft:piglin":2,"minecraft:zombie":6,"minecraft:stray":4,"minecraft:hoglin":1,"minecraft:skeleton":6,"irons_spellbooks:archevoker":1},"minecraft:killed":{"vampirism:vampire":9,"minecraft:cave_spider":17,"minecraft:witch":1,"vampirism:advanced_vampire":5,"minecraft:spider":49,"quark:forgotten":1,"minecraft:skeleton":71,"vampirism:blinding_bat":4,"minecraft:bee":1,"minecraft:chicken":1,"minecraft:silverfish":3,"minecraft:skeleton_horse":1,"minecraft:piglin":5,"irons_spellbooks:necromancer":3,"minecraft:creeper":4,"minecraft:pillager":2,"minecraft:zombie":110,"minecraft:stray":21,"minecraft:cow":3,"mowziesmobs:naga":1,"minecraft:evoker":2,"minecraft:vex":1,"irons_spellbooks:summoned_zombie":3,"minecraft:vindicator":2,"minecraft:phantom":2,"minecraft:bat":1,"irons_spellbooks:citadel_keeper":1,"minecraft:hoglin":4,"iceandfire:ghost":4,"minecraft:wither_skeleton":10},"minecraft:used":{"minecraft:moss_block":2,"minecraft:iron_shovel":871,"minecraft:poppy":2,"minecraft:diamond_hoe":204,"minecraft:shield":10,"minecraft:rotten_flesh":294,"minecraft:iron_chestplate":2,"minecraft:nether_bricks":2403,"minecraft:tuff":5,"minecraft:obsidian":15,"minecraft:weeping_vines":1,"minecraft:grass_block":806,"minecraft:quartz_block":1,"minecraft:iron_helmet":1,"minecraft:crimson_roots":1,"onlyhammersandexcavators:stone_hammer":650,"minecraft:stone_bricks":281,"minecraft:magma_block":192,"minecraft:bow":142,"farmersdelight:cutting_board":3,"minecraft:oak_sapling":41,"minecraft:furnace":7,"minecraft:skeleton_skull":6,"minecraft:egg":3,"minecraft:mossy_stone_bricks":4,"minecraft:damaged_anvil":1,"epicfight:skillbook":12,"minecraft:diorite":10,"minecraft:stone_pickaxe":40,"minecraft:oak_planks":166,"minecraft:ender_pearl":3,"minecraft:wooden_pickaxe":2,"minecraft:diamond_axe":117,"minecraft:oak_leaves":1,"minecraft:golden_apple":58,"minecraft:blast_furnace":2,"minecraft:crossbow":1,"minecraft:pumpkin_seeds":12,"waystones:waystone":2,"ars_nouveau:purple_archwood_sapling":7,"scalinghealth:enchanted_heart":3,"minecraft:bread":4,"minecraft:lectern":1,"minecraft:gravel":24,"minecraft:diamond_sword":1146,"minecraft:smithing_table":1,"minecraft:andesite":2,"minecraft:bone_meal":26,"minecraft:experience_bottle":5,"minecraft:oak_fence":60,"minecraft:iron_bars":1,"minecraft:flint_and_steel":1,"minecraft:netherrack":37,"minecraft:oak_door":1,"minecraft:torch":206,"scalinghealth:heart_crystal":12,"minecraft:dirt":1278,"minecraft:anvil":5,"minecraft:hopper":7,"minecraft:chainmail_chestplate":2,"minecraft:nether_brick_slab":6,"iceandfire:gold_pile":10,"vampirism:throne":4,"minecraft:granite":9,"minecraft:oak_fence_gate":3,"minecraft:nether_brick_stairs":98,"minecraft:shroomlight":6,"minecraft:iron_hoe":86,"minecraft:wooden_axe":1,"minecraft:chipped_anvil":5,"minecraft:iron_block":8,"minecraft:iron_axe":464,"onlyhammersandexcavators:iron_excavator":165,"minecraft:totem_of_undying":1,"scalinghealth:power_crystal":2,"minecraft:cooked_beef":49,"minecraft:cobbled_deepslate":60,"minecraft:iron_leggings":2,"minecraft:crimson_stem":1,"onlyhammersandexcavators:obsidian_hammer":2575,"minecraft:wheat_seeds":75,"minecraft:water_bucket":37,"minecraft:baked_potato":21,"minecraft:red_nether_bricks":750,"minecraft:mossy_cobblestone":1,"minecraft:lime_bed":5,"minecraft:crafting_table":12,"minecraft:oak_log":64,"minecraft:diamond_pickaxe":2889,"minecraft:cornflower":1,"minecraft:apple":1,"minecraft:diamond_shovel":1432,"minecraft:sunflower":1,"minecraft:chicken":1,"quark:crimson_chest":2,"minecraft:cobblestone":326,"minecraft:potion":1,"minecraft:turtle_helmet":1,"minecraft:cooked_porkchop":11,"minecraft:bucket":37,"quark:oak_chest":2,"minecraft:dandelion":4,"epicfight:uchigatana":171},"minecraft:mined":{"minecraft:stone_pressure_plate":2,"iceandfire:graveyard_soil":8,"irons_spellbooks:armor_pile":2,"minecraft:cobblestone_stairs":1,"minecraft:red_nether_bricks":342,"minecraft:obsidian":35,"minecraft:granite":16,"minecraft:grass_block":1929,"vampirism:throne":3,"minecraft:coal_block":33,"minecraft:hopper":3,"minecraft:chiseled_stone_bricks":1,"minecraft:spawner":177,"minecraft:weeping_vines_plant":1,"minecraft:magma_block":391,"minecraft:cobbled_deepslate":17,"minecraft:iron_ore":115,"minecraft:barrel":1,"minecraft:fire":1,"minecraft:pumpkin":11,"minecraft:anvil":3,"minecraft:nether_brick_stairs":126,"minecraft:azure_bluet":1,"minecraft:skeleton_wall_skull":1,"minecraft:dirt_path":98,"scalinghealth:deepslate_power_crystal_ore":1,"minecraft:iron_bars":68,"minecraft:quartz_block":39,"minecraft:crimson_nylium":8,"scalinghealth:deepslate_heart_crystal_ore":5,"minecraft:torch":7,"minecraft:blast_furnace":1,"minecraft:poppy":5,"iceandfire:ghost_chest":1,"minecraft:cobblestone":139,"minecraft:damaged_anvil":1,"minecraft:oak_planks":63,"minecraft:iron_door":3,"minecraft:wall_torch":9,"minecraft:skeleton_skull":2,"minecraft:nether_wart_block":334,"farmersdelight:cutting_board":2,"minecraft:stone_brick_stairs":3,"minecraft:grass":669,"minecraft:oak_log":86,"minecraft:oak_fence_gate":3,"minecraft:dirt":115,"minecraft:netherrack":1445,"minecraft:oak_leaves":6,"minecraft:deepslate":19,"minecraft:nether_gold_ore":15,"minecraft:tuff":5,"minecraft:mossy_cobblestone":9,"minecraft:deepslate_diamond_ore":1,"minecraft:nether_bricks":2292,"gravestone:gravestone":26,"minecraft:crimson_roots":2,"minecraft:moss_block":2,"minecraft:crimson_stem":31,"minecraft:hay_block":1,"minecraft:furnace":5,"minecraft:andesite":20,"minecraft:mossy_stone_brick_stairs":3,"minecraft:bookshelf":10,"minecraft:deepslate_iron_ore":9,"minecraft:shroomlight":6,"minecraft:vine":32,"minecraft:stone":263,"scalinghealth:heart_crystal_ore":1,"minecraft:white_wool":3,"minecraft:redstone_block":16,"minecraft:soul_sand":2,"minecraft:dandelion":14,"minecraft:oak_fence":18,"minecraft:cornflower":2,"minecraft:crafting_table":7,"minecraft:tall_grass":71,"minecraft:diorite":16,"minecraft:spruce_stairs":1,"minecraft:lime_bed":6,"ars_nouveau:mage_block":1,"minecraft:coal_ore":2,"minecraft:sunflower":1,"minecraft:gravel":67,"minecraft:cracked_stone_bricks":3,"minecraft:stone_bricks":32,"minecraft:polished_andesite":1,"minecraft:mossy_stone_bricks":15,"minecraft:chipped_anvil":5},"minecraft:dropped":{"minecraft:nether_brick_stairs":4,"minecraft:crimson_stem":2,"minecraft:iron_sword":2,"minecraft:soul_sand":14,"mca:divorce_papers":2,"minecraft:cooked_beef":1,"minecraft:oak_log":8,"minecraft:golden_pickaxe":1,"minecraft:diamond":24,"minecraft:crossbow":2,"minecraft:weeping_vines":8,"iceandfire:ectoplasm":1,"minecraft:mossy_stone_brick_stairs":2,"onlyhammersandexcavators:obsidian_excavator":1,"minecraft:cracked_stone_bricks":1,"irons_spellbooks:tarnished_helmet":2,"iceandfire:graveyard_soil":2,"minecraft:cobblestone_stairs":1,"irons_spellbooks:hogskin":1,"minecraft:cornflower":1,"irons_spellbooks:cinder_essence":1,"irons_spellbooks:arcane_essence":4,"minecraft:sunflower":1,"gravestone:obituary":42,"minecraft:gold_nugget":11,"minecraft:amethyst_shard":16,"minecraft:phantom_membrane":3,"minecraft:gold_ingot":74,"minecraft:bone":33,"minecraft:gravel":123,"minecraft:stone_axe":1,"minecraft:blackstone":68,"ars_nouveau:wilden_spike":3,"minecraft:iron_nugget":13,"minecraft:cobbled_deepslate":4,"minecraft:nether_brick":11,"minecraft:obsidian":6,"minecraft:rotten_flesh":2,"minecraft:oak_planks":79,"vampirism:blood_bottle":2,"minecraft:carrot":4,"patchouli:guide_book":2,"minecraft:chainmail_chestplate":1,"minecraft:chiseled_stone_bricks":1,"minecraft:poppy":3,"minecraft:leather_chestplate":1,"minecraft:gunpowder":3,"vampirism:vampire_fang":1,"minecraft:quartz_block":2,"apotheosis:gem":6,"minecraft:leather_boots":3,"quark:forgotten_hat":1,"mca:book_infection":3,"minecraft:iron_bars":21,"minecraft:arrow":137,"minecraft:stone_brick_stairs":6,"minecraft:netherrack":3,"iceandfire:manuscript":1,"farmersdelight:tomato_seeds":4,"minecraft:crimson_planks":48,"minecraft:enchanted_book":2,"minecraft:bread":2,"minecraft:wheat_seeds":23,"minecraft:mossy_cobblestone":1,"minecraft:iron_helmet":1,"minecraft:feather":10,"minecraft:cobblestone":8,"minecraft:spectral_arrow":27,"minecraft:granite":4,"minecraft:spruce_stairs":1,"minecraft:golden_apple":2,"minecraft:grass_block":3,"minecraft:coal":60,"minecraft:coal_block":2,"irons_spellbooks:scroll":1,"minecraft:oxeye_daisy":2,"minecraft:cobweb":10,"ars_nouveau:worn_notebook":1,"scalinghealth:heart_crystal":1,"minecraft:torch":10,"minecraft:fire_charge":2,"minecraft:potion":3,"minecraft:iron_leggings":1,"minecraft:iron_shovel":2,"minecraft:string":214,"irons_spellbooks:frozen_bone":4,"ars_nouveau:caster_tome":1,"sophisticatedbackpacks:pickup_upgrade":1,"minecraft:redstone_block":8,"minecraft:dandelion":30,"minecraft:redstone":6,"minecraft:furnace":1,"epicfight:uchigatana":1,"minecraft:stone_shovel":1,"minecraft:iron_hoe":1,"minecraft:iron_boots":1,"wom:diamond_legtopseal":1,"scalinghealth:power_crystal_shard":3,"minecraft:nether_bricks":17,"minecraft:potato":23,"minecraft:hay_block":1,"minecraft:spruce_trapdoor":3,"minecraft:diamond_pickaxe":3,"minecraft:andesite":16,"minecraft:mossy_stone_bricks":2,"iceandfire:silver_ingot":3,"minecraft:oak_sapling":7,"minecraft:spider_eye":8,"minecraft:stone_bricks":1,"minecraft:bow":2,"waystones:waystone":1,"minecraft:bell":2,"epicfight:skillbook":4},"minecraft:broken":{"minecraft:iron_shovel":1,"minecraft:golden_boots":1,"minecraft:diamond_helmet":1,"minecraft:iron_boots":2,"minecraft:iron_chestplate":3,"minecraft:iron_leggings":2,"minecraft:chainmail_boots":1,"minecraft:golden_chestplate":1,"minecraft:chainmail_helmet":1,"onlyhammersandexcavators:stone_hammer":1,"minecraft:iron_axe":1,"minecraft:iron_helmet":1,"minecraft:turtle_helmet":1},"minecraft:crafted":{"minecraft:smooth_stone":3,"minecraft:oak_planks":72,"onlyhammersandexcavators:obsidian_hammer":1,"waystones:waystone":3,"minecraft:stone":3,"minecraft:diamond_shovel":1,"minecraft:bookshelf":1,"minecraft:nether_brick":258,"minecraft:hopper":4,"minecraft:oak_fence":48,"scalinghealth:power_crystal":2,"onlyhammersandexcavators:stone_hammer":1,"minecraft:golden_boots":1,"vampirism:throne":1,"minecraft:oak_slab":6,"minecraft:emerald":20,"sophisticatedbackpacks:backpack":1,"minecraft:crafting_table":5,"minecraft:wooden_pickaxe":1,"minecraft:smithing_table":1,"minecraft:red_nether_bricks":416,"minecraft:pumpkin_seeds":32,"waystones:warp_stone":3,"farmersdelight:cutting_board":1,"minecraft:lectern":1,"minecraft:diamond_pickaxe":1,"sophisticatedbackpacks:diamond_backpack":1,"minecraft:stick":4,"quark:oak_chest":7,"minecraft:iron_ingot":80,"minecraft:iron_block":17,"minecraft:gold_ingot":14,"iceandfire:gold_pile":128,"minecraft:shears":1,"minecraft:redstone":6,"minecraft:nether_brick_slab":6,"mca:blueprint":1,"minecraft:coal":18,"minecraft:golden_chestplate":1,"onlyhammersandexcavators:obsidian_excavator":1,"minecraft:diamond_hoe":1,"minecraft:furnace":3,"minecraft:blast_furnace":1,"minecraft:bone_meal":111,"minecraft:white_carpet":3,"minecraft:flint_and_steel":1,"minecraft:iron_axe":1,"minecraft:iron_hoe":1,"minecraft:ender_pearl":3,"sophisticatedbackpacks:iron_backpack":1,"minecraft:red_dye":6,"minecraft:crimson_planks":112,"minecraft:diamond_sword":1,"quark:crimson_chest":2,"minecraft:nether_bricks":163,"sophisticatedbackpacks:gold_backpack":1,"onlyhammersandexcavators:iron_excavator":1,"minecraft:bucket":3,"minecraft:red_carpet":3,"minecraft:air":0,"minecraft:blue_dye":1,"minecraft:golden_apple":14,"minecraft:gold_nugget":384,"minecraft:anvil":2,"mca:wedding_ring":1,"minecraft:lapis_lazuli":12},"minecraft:custom":{"minecraft:animals_bred":1,"minecraft:interact_with_crafting_table":101,"minecraft:open_barrel":17,"minecraft:bell_ring":30,"minecraft:eat_cake_slice":17,"minecraft:leave_game":10,"minecraft:time_since_death":78517,"minecraft:damage_resisted":0,"vampirism:interact_with_throne":6,"minecraft:sprint_one_cm":5451081,"minecraft:damage_blocked_by_shield":1021,"minecraft:drop":394,"vampirism:interact_with_totem":1,"minecraft:talked_to_villager":5,"minecraft:play_time":768562,"minecraft:deaths":27,"minecraft:jump":11265,"minecraft:interact_with_brewingstand":1,"minecraft:walk_on_water_one_cm":27016,"minecraft:interact_with_furnace":76,"minecraft:traded_with_villager":38,"vampirism:interact_with_research_table":2,"minecraft:sleep_in_bed":8,"minecraft:waystone_activated":3,"minecraft:damage_dealt":83556,"minecraft:crouch_one_cm":108689,"minecraft:horse_one_cm":156,"minecraft:interact_with_smithing_table":6,"minecraft:interact_with_anvil":45,"minecraft:mob_kills":369,"minecraft:inspect_hopper":29,"minecraft:damage_dealt_resisted":2761,"minecraft:climb_one_cm":20543,"minecraft:walk_one_cm":4275488,"minecraft:damage_dealt_absorbed":2465,"minecraft:sneak_time":14310,"minecraft:walk_under_water_one_cm":17254,"minecraft:interact_with_lectern":2,"minecraft:interact_with_blast_furnace":5,"minecraft:total_world_time":768562,"vampirism:interact_with_injection_chair":5,"minecraft:time_since_rest":78542,"minecraft:damage_absorbed":1726,"minecraft:damage_taken":40014,"minecraft:trigger_trapped_chest":1,"minecraft:swim_one_cm":71219,"minecraft:fly_one_cm":3702251,"minecraft:open_chest":593,"minecraft:fall_one_cm":383004}},"DataVersion":3465}