{"stats":{"minecraft:killed_by":{"minecraft:zombie":2},"minecraft:picked_up":{"minecraft:stick":1,"minecraft:wheat_seeds":4,"farmersdelight:tomato_seeds":10,"gravestone:obituary":1,"farmersdelight:tomato":3,"minecraft:dirt":1},"minecraft:used":{"minecraft:dirt":1},"minecraft:dropped":{"gravestone:obituary":3,"minecraft:wheat_seeds":1,"minecraft:stick":1},"minecraft:custom":{"minecraft:time_since_rest":1899,"minecraft:sprint_one_cm":56336,"minecraft:play_time":18718,"minecraft:deaths":2,"minecraft:damage_taken":769,"minecraft:walk_one_cm":111618,"minecraft:walk_under_water_one_cm":857,"minecraft:drop":5,"vampirism:interact_with_totem":29,"minecraft:damage_dealt_resisted":0,"minecraft:jump":309,"minecraft:damage_dealt":23,"minecraft:leave_game":3,"minecraft:walk_on_water_one_cm":2818,"minecraft:time_since_death":1862,"minecraft:total_world_time":18718,"minecraft:climb_one_cm":1262,"minecraft:fall_one_cm":10808,"minecraft:fly_one_cm":40290},"minecraft:mined":{"minecraft:grass":7,"minecraft:grass_block":1,"minecraft:dirt_path":1,"minecraft:dead_bush":1,"farmersdelight:wild_tomatoes":10,"minecraft:mangrove_leaves":1}},"DataVersion":3465}