{"stats":{"minecraft:killed_by":{"minecraft:zombie":1},"minecraft:dropped":{"gravestone:obituary":1},"minecraft:custom":{"minecraft:time_since_rest":2783,"minecraft:damage_taken":235,"minecraft:leave_game":2,"minecraft:play_time":7321,"minecraft:sprint_one_cm":135,"minecraft:walk_one_cm":10146,"minecraft:time_since_death":2734,"minecraft:deaths":1,"minecraft:total_world_time":7321,"minecraft:fall_one_cm":546,"minecraft:drop":1,"minecraft:fly_one_cm":175},"minecraft:mined":{"minecraft:dirt_path":1}},"DataVersion":3465}