{"stats":{"minecraft:killed_by":{"minecraft:zombie":2},"minecraft:picked_up":{"minecraft:stick":1,"minecraft:acacia_log":11,"minecraft:gravel":1,"farmersdelight:tomato_seeds":10,"gravestone:obituary":1,"farmersdelight:tomato":3,"minecraft:dirt":16,"minecraft:arrow":2,"minecraft:bone":2,"minecraft:wheat_seeds":4,"minecraft:hay_block":12,"minecraft:cobblestone":8,"minecraft:egg":1},"minecraft:crafted":{"minecraft:crafting_table":1,"minecraft:stick":12,"minecraft:wooden_pickaxe":1,"minecraft:stone_pickaxe":1,"minecraft:acacia_planks":44,"minecraft:bread":36,"minecraft:wheat":108},"minecraft:used":{"farmersdelight:tomato":3,"minecraft:bread":3,"minecraft:stone_pickaxe":2,"minecraft:wooden_pickaxe":9,"minecraft:dirt":12,"minecraft:cobblestone":2,"minecraft:crafting_table":1,"farmersdelight:tomato_seeds":1,"minecraft:acacia_planks":14},"minecraft:custom":{"minecraft:time_since_rest":32943,"minecraft:sprint_one_cm":83016,"minecraft:damage_taken":960,"minecraft:walk_one_cm":250251,"vampirism:interact_with_totem":29,"minecraft:drop":6,"minecraft:damage_dealt":41,"minecraft:interact_with_crafting_table":5,"minecraft:fly_one_cm":49607,"minecraft:open_chest":5,"minecraft:crouch_one_cm":1208,"minecraft:play_time":49762,"minecraft:deaths":2,"minecraft:sneak_time":304,"minecraft:walk_under_water_one_cm":1511,"minecraft:jump":530,"minecraft:damage_dealt_resisted":0,"minecraft:leave_game":8,"minecraft:time_since_death":32906,"minecraft:walk_on_water_one_cm":6512,"minecraft:total_world_time":49762,"minecraft:climb_one_cm":3124,"minecraft:fall_one_cm":14660},"minecraft:dropped":{"farmersdelight:tomato_seeds":1,"minecraft:wheat_seeds":1,"gravestone:obituary":3,"minecraft:stick":1},"minecraft:mined":{"minecraft:hay_block":12,"minecraft:farmland":1,"minecraft:mud":1,"minecraft:wheat":1,"minecraft:mangrove_roots":7,"minecraft:mangrove_leaves":4,"minecraft:grass":14,"minecraft:acacia_log":11,"minecraft:grass_block":7,"minecraft:dirt_path":4,"minecraft:dead_bush":1,"minecraft:gravel":1,"minecraft:dirt":10,"minecraft:cobblestone":2,"farmersdelight:wild_tomatoes":10,"minecraft:stone":6}},"DataVersion":3465}