{"stats":{"minecraft:picked_up":{"irons_spellbooks:scroll":1,"minecraft:wheat":14,"minecraft:lead":3,"minecraft:oak_stairs":256,"minecraft:potion":1,"minecraft:enchanted_book":2,"minecraft:amethyst_block":6,"minecraft:string":17,"minecraft:raw_copper":236,"minecraft:smooth_stone_slab":13,"minecraft:beetroot":3,"irons_spellbooks:arcane_essence":3,"minecraft:cobbled_deepslate":630,"minecraft:smooth_stone":1,"minecraft:iron_pickaxe":1,"minecraft:coal_block":29,"minecraft:furnace":6,"minecraft:stick":1,"apotheosis:gem":1,"minecraft:composter":1,"minecraft:oak_fence":59,"minecraft:torch":68,"epicfight:skillbook":1,"minecraft:porkchop":22,"minecraft:diorite":178,"vampirism:vampire_fang":3,"vampirism:amulet":1,"minecraft:quartz_block":4,"minecraft:rotten_flesh":21,"farmersdelight:onion":6,"minecraft:leather_horse_armor":1,"minecraft:obsidian":21,"minecraft:iron_bars":1,"minecraft:cobblestone":7175,"minecraft:magma_block":1,"minecraft:feather":9,"minecraft:cooked_beef":2,"minecraft:andesite":275,"minecraft:potato":20,"minecraft:flint":28,"minecraft:tuff":23,"minecraft:dirt":2884,"minecraft:lapis_lazuli":42,"minecraft:bone":3,"minecraft:wheat_seeds":127,"minecraft:raw_gold":10,"vampirism:item_garlic":17,"minecraft:oak_planks":131,"minecraft:music_disc_13":1,"minecraft:oak_pressure_plate":1,"minecraft:nether_brick_stairs":2,"minecraft:diamond_block":2,"minecraft:fermented_spider_eye":1,"minecraft:mossy_cobblestone":24,"vampirism:pitchfork":1,"minecraft:diamond":191,"waystones:waystone":1,"minecraft:crossbow":1,"minecraft:granite":188,"scalinghealth:cursed_heart":2,"minecraft:oak_sapling":9,"minecraft:netherrack":3,"iceandfire:raw_silver":1,"minecraft:diamond_pickaxe":1,"minecraft:crafting_table":14,"minecraft:azure_bluet":3,"minecraft:chicken":9,"gravestone:obituary":3,"minecraft:shield":1,"ars_nouveau:archwood_planks":4,"minecraft:cornflower":4,"epicfight:stray_hat":1,"minecraft:beef":14,"minecraft:poppy":3,"minecraft:egg":7,"minecraft:raw_iron":34,"minecraft:oak_door":9,"farmersdelight:tomato_seeds":6,"minecraft:carrot":68,"minecraft:redstone":11,"minecraft:beetroot_seeds":7,"minecraft:nether_bricks":16,"minecraft:hay_block":30,"minecraft:white_wool":3,"minecraft:mutton":5,"minecraft:bone_block":14,"minecraft:oxeye_daisy":2,"minecraft:lime_bed":2,"farmersdelight:rich_soil":9,"minecraft:leather":24,"minecraft:red_mushroom":6,"minecraft:oak_log":233,"minecraft:chainmail_chestplate":1,"scalinghealth:bandages":1,"minecraft:gunpowder":1,"minecraft:yellow_bed":2,"minecraft:cobblestone_wall":3,"minecraft:cobblestone_stairs":31,"minecraft:white_banner":1,"scalinghealth:medkit":1,"minecraft:cooked_mutton":12,"vampirism:human_heart":1,"minecraft:stone_bricks":2,"minecraft:rabbit_hide":5,"minecraft:oak_fence_gate":1,"scalinghealth:power_crystal_shard":13,"minecraft:stripped_oak_wood":2,"minecraft:iron_sword":1,"minecraft:polished_andesite_stairs":1,"minecraft:oak_slab":55,"scalinghealth:heart_crystal_shard":5,"minecraft:dandelion":24,"minecraft:gravel":196,"minecraft:amethyst_shard":52,"quark:oak_chest":5,"minecraft:spider_eye":4,"quark:cobblestone_bricks":16,"minecraft:infested_stone_bricks":19,"minecraft:chainmail_leggings":1,"minecraft:black_wool":1,"minecraft:coal":92,"minecraft:ender_pearl":1,"minecraft:sunflower":13},"minecraft:killed_by":{"vampirism:villager_angry":2,"vampirism:vampire":1,"minecraft:player":1,"minecraft:phantom":1},"minecraft:killed":{"vampirism:vampire":4,"minecraft:cave_spider":1,"minecraft:spider":7,"minecraft:skeleton":2,"minecraft:chicken":9,"irons_spellbooks:summoned_skeleton":2,"minecraft:pig":13,"irons_spellbooks:necromancer":1,"vampirism:hunter":2,"minecraft:sheep":4,"minecraft:trader_llama":2,"minecraft:pillager":3,"minecraft:zombie":20,"minecraft:stray":1,"minecraft:cow":7,"minecraft:horse":14,"vampirism:villager_angry":1},"minecraft:used":{"minecraft:shield":1,"minecraft:iron_sword":368,"minecraft:mutton":5,"minecraft:nether_bricks":26,"minecraft:carrot":73,"minecraft:tuff":3,"minecraft:quartz_block":4,"onlyhammersandexcavators:stone_hammer":1821,"minecraft:stone_bricks":2,"minecraft:magma_block":1,"minecraft:furnace":5,"minecraft:oak_sapling":3,"epicfight:skillbook":1,"minecraft:diorite":7,"minecraft:stone_pickaxe":133,"minecraft:oak_planks":111,"minecraft:wooden_pickaxe":23,"minecraft:diamond_axe":155,"onlyhammersandexcavators:stone_excavator":650,"ars_nouveau:archwood_planks":4,"waystones:waystone":1,"minecraft:bread":31,"minecraft:string":1,"minecraft:andesite":7,"onlyhammersandexcavators:obsidian_excavator":703,"minecraft:oak_fence":52,"minecraft:cooked_chicken":5,"minecraft:netherrack":1,"minecraft:torch":173,"minecraft:dirt":2339,"scalinghealth:heart_crystal":3,"minecraft:granite":1,"minecraft:nether_brick_stairs":1,"minecraft:iron_axe":772,"scalinghealth:power_crystal":1,"minecraft:cooked_beef":16,"minecraft:cobbled_deepslate":163,"farmersdelight:fried_egg":3,"onlyhammersandexcavators:obsidian_hammer":9787,"minecraft:cooked_mutton":12,"minecraft:cobblestone_stairs":41,"quark:cobblestone_bricks":446,"minecraft:diamond_block":2,"minecraft:crafting_table":16,"minecraft:lime_bed":3,"minecraft:white_bed":1,"minecraft:oak_log":37,"minecraft:diamond_pickaxe":1490,"minecraft:apple":5,"minecraft:diamond_shovel":2750,"minecraft:iron_pickaxe":742,"minecraft:stone_axe":47,"minecraft:cobblestone":1915,"minecraft:potion":3,"minecraft:cooked_porkchop":22,"minecraft:bucket":1,"minecraft:yellow_bed":1,"quark:oak_chest":11},"minecraft:mined":{"minecraft:large_amethyst_bud":1,"farmersdelight:rich_soil":9,"minecraft:farmland":35,"minecraft:cobblestone_stairs":31,"minecraft:granite":173,"minecraft:grass_block":1110,"minecraft:oak_pressure_plate":1,"minecraft:coal_block":29,"minecraft:oxeye_daisy":2,"minecraft:smooth_stone":1,"minecraft:magma_block":1,"minecraft:iron_ore":26,"minecraft:cobbled_deepslate":16,"minecraft:deepslate_lapis_ore":4,"minecraft:azure_bluet":4,"minecraft:nether_brick_stairs":2,"minecraft:dirt_path":761,"scalinghealth:deepslate_power_crystal_ore":8,"minecraft:oak_stairs":270,"minecraft:iron_bars":2,"minecraft:deepslate_redstone_ore":7,"minecraft:quartz_block":11,"ars_nouveau:light_block":4,"minecraft:amethyst_cluster":11,"minecraft:torch":13,"quark:cobblestone_bricks":16,"minecraft:calcite":1,"minecraft:poppy":4,"minecraft:cobblestone":566,"minecraft:oak_planks":133,"minecraft:wall_torch":10,"minecraft:amethyst_block":6,"minecraft:deepslate_copper_ore":15,"mca:cross_headstone":1,"ars_nouveau:archwood_planks":4,"minecraft:wheat":1,"minecraft:stripped_oak_wood":2,"minecraft:smooth_stone_slab":15,"minecraft:grass":588,"minecraft:oak_log":231,"minecraft:oak_fence_gate":1,"minecraft:dirt":1162,"minecraft:netherrack":3,"minecraft:oak_leaves":4,"minecraft:deepslate":3063,"minecraft:diamond_ore":8,"minecraft:tuff":162,"iceandfire:silver_ore":3,"minecraft:mossy_cobblestone":24,"minecraft:deepslate_diamond_ore":92,"minecraft:oak_door":8,"gravestone:gravestone":6,"minecraft:nether_bricks":16,"minecraft:hay_block":30,"minecraft:redstone_ore":2,"minecraft:furnace":6,"minecraft:carrots":15,"minecraft:andesite":283,"minecraft:diamond_block":2,"minecraft:deepslate_iron_ore":9,"minecraft:vine":14,"minecraft:stone":7733,"scalinghealth:heart_crystal_ore":2,"minecraft:oak_slab":55,"minecraft:glass_pane":16,"quark:oak_chest":6,"minecraft:dandelion":25,"minecraft:oak_fence":59,"minecraft:crafting_table":14,"minecraft:cornflower":4,"minecraft:tall_grass":38,"minecraft:copper_ore":48,"minecraft:deepslate_gold_ore":2,"minecraft:lapis_ore":2,"minecraft:diorite":186,"minecraft:lime_bed":1,"minecraft:coarse_dirt":8,"minecraft:cobblestone_wall":3,"minecraft:birch_leaves":2,"minecraft:yellow_bed":1,"vampirism:garlic":2,"minecraft:coal_ore":65,"minecraft:sunflower":14,"minecraft:gravel":230,"minecraft:cracked_stone_bricks":1,"minecraft:polished_andesite":3,"minecraft:stone_bricks":2,"minecraft:gold_ore":10},"minecraft:dropped":{"minecraft:nether_brick_stairs":1,"minecraft:diamond":12,"minecraft:leather":4,"minecraft:flint":9,"minecraft:dirt":64,"gravestone:obituary":5,"farmersdelight:onion":2,"minecraft:amethyst_shard":68,"minecraft:oak_door":1,"minecraft:gravel":63,"minecraft:cobbled_deepslate":201,"minecraft:obsidian":16,"minecraft:azure_bluet":1,"apotheosis:ender_lead":1,"minecraft:gunpowder":1,"minecraft:beetroot_seeds":1,"apotheosis:gem":1,"minecraft:iron_bars":1,"minecraft:netherrack":2,"minecraft:enchanted_book":1,"minecraft:wheat_seeds":29,"minecraft:cobblestone":32,"minecraft:amethyst_block":6,"minecraft:granite":78,"minecraft:stick":3,"irons_spellbooks:scroll":3,"minecraft:diorite":99,"minecraft:torch":32,"minecraft:potion":1,"irons_spellbooks:common_ink":1,"minecraft:chainmail_leggings":1,"ars_nouveau:wilden_wing":1,"minecraft:dandelion":1,"irons_spellbooks:uncommon_ink":1,"minecraft:raw_iron":1,"minecraft:iron_boots":1,"minecraft:nether_bricks":1,"minecraft:shield":1,"minecraft:diamond_pickaxe":1,"minecraft:andesite":65,"minecraft:yellow_bed":1,"minecraft:oak_sapling":6,"minecraft:slime_ball":4},"minecraft:broken":{"minecraft:iron_chestplate":1,"minecraft:stone_pickaxe":1,"minecraft:diamond_shovel":1,"minecraft:iron_sword":1,"minecraft:leather_helmet":1,"onlyhammersandexcavators:stone_excavator":1,"onlyhammersandexcavators:stone_hammer":2,"minecraft:iron_axe":3},"minecraft:crafted":{"minecraft:oak_planks":240,"onlyhammersandexcavators:obsidian_hammer":1,"minecraft:cooked_chicken":5,"minecraft:cobblestone_stairs":24,"minecraft:diamond_shovel":1,"minecraft:diamond_leggings":1,"apotheosis:ender_lead":1,"minecraft:oak_fence":42,"scalinghealth:power_crystal":1,"onlyhammersandexcavators:stone_hammer":5,"sophisticatedbackpacks:backpack":1,"mca:family_tree":1,"minecraft:cooked_porkchop":32,"minecraft:diamond_axe":1,"minecraft:crafting_table":3,"minecraft:wooden_pickaxe":1,"minecraft:gold_block":4,"farmersdelight:fried_egg":3,"minecraft:charcoal":20,"minecraft:diamond_pickaxe":2,"minecraft:stick":144,"quark:oak_chest":7,"minecraft:iron_ingot":7,"minecraft:gold_ingot":9,"mca:blueprint":1,"minecraft:coal":9,"onlyhammersandexcavators:obsidian_excavator":1,"minecraft:furnace":1,"mca:bouquet":2,"minecraft:diamond_block":2,"minecraft:diamond":18,"minecraft:iron_axe":2,"quark:cobblestone_bricks":440,"minecraft:stone_pickaxe":1,"mca:whistle":1,"minecraft:wheat":270,"sophisticatedbackpacks:iron_backpack":1,"minecraft:cooked_beef":14,"mca:engagement_ring":1,"minecraft:iron_sword":1,"sophisticatedbackpacks:gold_backpack":1,"scalinghealth:heart_crystal":1,"minecraft:stone_axe":1,"minecraft:bread":94,"minecraft:air":0,"minecraft:blue_dye":1,"onlyhammersandexcavators:stone_excavator":1,"minecraft:white_bed":1,"minecraft:torch":136,"mca:wedding_ring":1,"minecraft:diamond_chestplate":1},"minecraft:custom":{"minecraft:interact_with_crafting_table":62,"minecraft:bell_ring":10,"minecraft:leave_game":12,"minecraft:time_since_death":70392,"minecraft:damage_resisted":0,"vampirism:interact_with_throne":1,"minecraft:sprint_one_cm":2474224,"minecraft:damage_blocked_by_shield":375,"minecraft:drop":65,"minecraft:talked_to_villager":2,"minecraft:play_time":712074,"minecraft:deaths":5,"minecraft:jump":6701,"minecraft:walk_on_water_one_cm":55539,"minecraft:interact_with_furnace":34,"vampirism:interact_with_research_table":1,"minecraft:sleep_in_bed":9,"minecraft:waystone_activated":2,"minecraft:damage_dealt":22568,"minecraft:crouch_one_cm":181438,"minecraft:interact_with_smoker":2,"minecraft:mob_kills":94,"minecraft:interact_with_anvil":2,"minecraft:damage_dealt_resisted":803,"minecraft:climb_one_cm":861,"minecraft:walk_one_cm":5567107,"minecraft:damage_dealt_absorbed":111,"minecraft:sneak_time":29698,"minecraft:walk_under_water_one_cm":56386,"minecraft:interact_with_blast_furnace":1,"minecraft:total_world_time":712074,"minecraft:time_since_rest":72375,"minecraft:damage_taken":11251,"minecraft:damage_absorbed":32,"minecraft:swim_one_cm":44355,"minecraft:fly_one_cm":1679847,"minecraft:open_chest":302,"minecraft:fall_one_cm":124778}},"DataVersion":3465}