{"stats":{"minecraft:broken":{"minecraft:iron_chestplate":1,"minecraft:iron_leggings":1,"minecraft:stone_pickaxe":1,"wom:diamond_crown":1,"minecraft:diamond_shovel":1,"minecraft:iron_sword":1,"minecraft:leather_helmet":1,"onlyhammersandexcavators:stone_hammer":1,"minecraft:iron_axe":3},"minecraft:dropped":{"minecraft:glass_bottle":1,"minecraft:leather":4,"minecraft:red_wool":2,"gravestone:obituary":2,"farmersdelight:onion":2,"minecraft:white_wool":1,"minecraft:oak_door":1,"mca:book_blueprint":1,"apotheosis:ender_lead":1,"mca:villager_editor":1,"minecraft:gunpowder":1,"minecraft:wheat_seeds":5,"minecraft:granite":64,"minecraft:stick":1,"irons_spellbooks:scroll":3,"minecraft:torch":32,"minecraft:potion":1,"minecraft:oak_stairs":1,"ars_nouveau:wilden_wing":1,"minecraft:dandelion":1,"minecraft:shield":1,"minecraft:diamond_pickaxe":1,"minecraft:andesite":9,"minecraft:slime_ball":4,"hole_filler_mod:throwable_hole_filler_balanced_slice":1},"minecraft:mined":{"minecraft:large_amethyst_bud":1,"farmersdelight:rich_soil":9,"minecraft:farmland":35,"minecraft:cobblestone_stairs":31,"minecraft:granite":109,"minecraft:grass_block":753,"minecraft:oak_pressure_plate":1,"minecraft:coal_block":29,"minecraft:oxeye_daisy":2,"minecraft:smooth_stone":1,"minecraft:iron_ore":17,"minecraft:cobbled_deepslate":16,"minecraft:azure_bluet":4,"minecraft:nether_brick_stairs":2,"minecraft:dirt_path":703,"minecraft:oak_stairs":277,"minecraft:iron_bars":2,"minecraft:quartz_block":11,"ars_nouveau:light_block":3,"minecraft:amethyst_cluster":11,"minecraft:torch":13,"minecraft:calcite":1,"minecraft:poppy":4,"minecraft:cobblestone":530,"minecraft:oak_planks":139,"minecraft:wall_torch":8,"minecraft:amethyst_block":6,"ars_nouveau:archwood_planks":4,"minecraft:wheat":1,"minecraft:stripped_oak_wood":2,"minecraft:smooth_stone_slab":15,"minecraft:grass":540,"minecraft:oak_log":231,"minecraft:oak_fence_gate":1,"minecraft:dirt":728,"minecraft:netherrack":3,"minecraft:oak_leaves":5,"minecraft:deepslate":210,"minecraft:diamond_ore":8,"minecraft:tuff":21,"iceandfire:silver_ore":2,"minecraft:mossy_cobblestone":24,"minecraft:deepslate_diamond_ore":21,"minecraft:oak_door":8,"gravestone:gravestone":6,"minecraft:nether_bricks":16,"minecraft:furnace":6,"minecraft:carrots":1,"minecraft:andesite":11,"minecraft:diamond_block":2,"minecraft:deepslate_iron_ore":3,"minecraft:vine":14,"minecraft:stone":907,"minecraft:oak_slab":56,"minecraft:glass_pane":16,"quark:oak_chest":6,"minecraft:dandelion":25,"minecraft:oak_fence":59,"minecraft:crafting_table":14,"minecraft:cornflower":4,"minecraft:tall_grass":29,"minecraft:copper_ore":4,"minecraft:diorite":12,"minecraft:lime_bed":1,"minecraft:coarse_dirt":8,"minecraft:cobblestone_wall":3,"minecraft:birch_leaves":3,"vampirism:garlic":2,"minecraft:coal_ore":2,"minecraft:sunflower":14,"minecraft:cracked_stone_bricks":1,"minecraft:polished_andesite":3,"minecraft:stone_bricks":2,"minecraft:gold_ore":10},"minecraft:used":{"minecraft:purple_candle":4,"minecraft:smooth_quartz_slab":45,"minecraft:dispenser":1,"minecraft:white_concrete_powder":1,"farmersdelight:stove":2,"minecraft:chest":6,"minecraft:shield":1,"minecraft:stone":303,"minecraft:iron_sword":368,"minecraft:stripped_crimson_stem":96,"minecraft:nether_bricks":27,"minecraft:tuff":3,"minecraft:red_wool":63,"minecraft:grass_block":349,"hole_filler_mod:throwable_hole_filler_balanced_slice":23,"minecraft:quartz_block":4,"onlyhammersandexcavators:stone_hammer":650,"quark:crimson_vertical_slab":8,"minecraft:stone_brick_stairs":24,"minecraft:stone_bricks":338,"minecraft:item_frame":4,"minecraft:red_carpet":42,"farmersdelight:cutting_board":1,"minecraft:oak_sapling":3,"minecraft:furnace":5,"minecraft:skeleton_skull":1,"minecraft:egg":1,"epicfight:skillbook":1,"minecraft:diorite":7,"minecraft:spruce_door":1,"minecraft:stone_pickaxe":133,"minecraft:oak_planks":227,"minecraft:blackstone":16,"minecraft:wooden_pickaxe":23,"minecraft:diamond_axe":96,"minecraft:smooth_quartz_stairs":33,"minecraft:oak_leaves":6,"minecraft:white_wool":39,"onlyhammersandexcavators:stone_excavator":559,"mca:female_villager_spawn_egg":1,"ars_nouveau:archwood_planks":2,"minecraft:blast_furnace":2,"minecraft:stone_brick_wall":69,"minecraft:crimson_fence_gate":2,"ars_nouveau:enchanting_apparatus":1,"minecraft:black_concrete":25,"minecraft:heavy_weighted_pressure_plate":13,"minecraft:string":1,"minecraft:bread":1,"minecraft:stone_button":1,"minecraft:iron_door":2,"minecraft:soul_lantern":6,"minecraft:andesite":1,"quark:ancient_pressure_plate":2,"minecraft:white_concrete":45,"minecraft:oak_fence":52,"minecraft:polished_blackstone_brick_slab":5,"minecraft:iron_bars":2,"minecraft:enchanting_table":1,"minecraft:flint_and_steel":6,"ars_nouveau:arcane_core":1,"minecraft:armor_stand":2,"minecraft:spruce_planks":143,"minecraft:ender_chest":1,"vampirism:dark_stone_wall":7,"minecraft:cooked_chicken":5,"minecraft:netherrack":1,"minecraft:torch":170,"minecraft:dirt":2208,"minecraft:anvil":2,"scalinghealth:heart_crystal":2,"minecraft:hopper":1,"minecraft:stone_stairs":52,"minecraft:granite":1,"minecraft:nether_brick_stairs":1,"minecraft:polished_diorite":6,"minecraft:shroomlight":54,"minecraft:andesite_wall":3,"minecraft:stone_brick_slab":23,"farmersdelight:oak_cabinet":6,"minecraft:bookshelf":21,"minecraft:iron_axe":772,"minecraft:oak_stairs":59,"minecraft:crimson_slab":86,"minecraft:polished_blackstone_brick_stairs":14,"minecraft:smooth_quartz":41,"minecraft:crimson_planks":107,"minecraft:barrel":7,"farmersdelight:mangrove_cabinet":12,"minecraft:tripwire_hook":1,"farmersdelight:cooking_pot":1,"minecraft:cooked_beef":23,"minecraft:cobbled_deepslate":150,"minecraft:dead_bubble_coral_fan":6,"farmersdelight:fried_egg":3,"farmersdelight:roast_chicken_block":3,"minecraft:cooked_mutton":12,"minecraft:water_bucket":1,"minecraft:cobblestone_stairs":41,"minecraft:dirt_path":37,"farmersdelight:skillet":2,"minecraft:red_nether_bricks":116,"minecraft:polished_blackstone_bricks":229,"minecraft:mossy_cobblestone":5,"minecraft:diamond_block":2,"minecraft:lime_bed":3,"minecraft:oak_slab":16,"minecraft:crafting_table":17,"minecraft:crimson_trapdoor":16,"minecraft:red_bed":5,"minecraft:campfire":1,"minecraft:white_bed":1,"minecraft:painting":2,"minecraft:cake":1,"minecraft:smoker":1,"minecraft:amethyst_cluster":3,"minecraft:oak_log":37,"minecraft:flower_pot":10,"minecraft:diamond_pickaxe":1044,"minecraft:apple":5,"minecraft:diamond_shovel":2391,"minecraft:cracked_polished_blackstone_bricks":79,"ars_nouveau:arcane_pedestal":4,"minecraft:iron_pickaxe":298,"quark:smooth_quartz_vertical_slab":20,"minecraft:spruce_trapdoor":10,"minecraft:crimson_sign":9,"minecraft:stone_axe":47,"minecraft:cobblestone":1713,"minecraft:potion":4,"minecraft:crimson_stairs":74,"minecraft:cooked_porkchop":22,"minecraft:bucket":1,"minecraft:red_banner":13,"minecraft:sea_pickle":11,"minecraft:yellow_bed":1,"quark:oak_chest":6,"minecraft:purple_carpet":9,"minecraft:dandelion":2,"minecraft:candle":15},"minecraft:picked_up":{"irons_spellbooks:scroll":1,"minecraft:lead":1,"minecraft:oak_stairs":264,"minecraft:potion":2,"minecraft:enchanted_book":2,"minecraft:amethyst_block":6,"minecraft:string":14,"minecraft:raw_copper":25,"minecraft:smooth_stone_slab":13,"minecraft:shroomlight":64,"minecraft:beetroot":2,"minecraft:sea_pickle":4,"irons_spellbooks:arcane_essence":3,"minecraft:cobbled_deepslate":214,"minecraft:smooth_stone":1,"minecraft:iron_pickaxe":1,"minecraft:coal_block":29,"minecraft:crimson_sign":2,"minecraft:furnace":6,"minecraft:stick":1,"apotheosis:gem":1,"minecraft:composter":1,"minecraft:oak_fence":59,"minecraft:torch":66,"epicfight:skillbook":1,"minecraft:porkchop":23,"minecraft:diorite":12,"vampirism:vampire_fang":3,"vampirism:amulet":1,"minecraft:quartz_block":4,"minecraft:rotten_flesh":12,"farmersdelight:onion":6,"minecraft:leather_horse_armor":1,"minecraft:iron_bars":1,"minecraft:cobblestone":1400,"minecraft:cooked_beef":2,"minecraft:feather":9,"minecraft:andesite":11,"minecraft:potato":10,"minecraft:tuff":23,"minecraft:dirt":2157,"minecraft:lapis_lazuli":4,"minecraft:bone":2,"minecraft:wheat_seeds":98,"minecraft:raw_gold":10,"vampirism:item_garlic":17,"minecraft:oak_planks":137,"minecraft:music_disc_13":1,"minecraft:oak_pressure_plate":1,"minecraft:nether_brick_stairs":2,"minecraft:diamond_block":2,"minecraft:fermented_spider_eye":1,"minecraft:mossy_cobblestone":24,"vampirism:pitchfork":1,"minecraft:diamond":29,"minecraft:crossbow":1,"minecraft:granite":130,"scalinghealth:cursed_heart":2,"minecraft:oak_sapling":9,"minecraft:netherrack":3,"minecraft:crafting_table":14,"minecraft:azure_bluet":3,"minecraft:chicken":9,"gravestone:obituary":2,"minecraft:shield":1,"minecraft:heavy_weighted_pressure_plate":4,"ars_nouveau:archwood_planks":4,"minecraft:cornflower":4,"epicfight:stray_hat":1,"minecraft:item_frame":3,"minecraft:beef":14,"minecraft:poppy":3,"minecraft:egg":8,"minecraft:raw_iron":21,"minecraft:oak_door":9,"farmersdelight:tomato_seeds":6,"minecraft:carrot":14,"minecraft:redstone":1,"mca:book_blueprint":1,"minecraft:beetroot_seeds":6,"minecraft:nether_bricks":16,"minecraft:mutton":5,"minecraft:white_wool":4,"minecraft:bone_block":14,"minecraft:oxeye_daisy":1,"minecraft:lime_bed":2,"farmersdelight:rich_soil":9,"minecraft:leather":24,"minecraft:red_mushroom":6,"minecraft:oak_log":233,"minecraft:gunpowder":1,"minecraft:yellow_bed":1,"minecraft:cobblestone_wall":3,"minecraft:cobblestone_stairs":31,"minecraft:white_banner":1,"minecraft:cooked_mutton":12,"minecraft:red_carpet":7,"vampirism:human_heart":1,"minecraft:stone_bricks":2,"minecraft:rabbit_hide":5,"minecraft:oak_fence_gate":1,"minecraft:stripped_oak_wood":2,"scalinghealth:power_crystal_shard":5,"mca:villager_editor":2,"minecraft:iron_sword":1,"minecraft:polished_andesite_stairs":1,"minecraft:oak_slab":56,"scalinghealth:heart_crystal_shard":3,"minecraft:red_wool":1,"minecraft:dandelion":24,"minecraft:amethyst_shard":44,"minecraft:red_banner":3,"quark:oak_chest":5,"hole_filler_mod:throwable_hole_filler_balanced_slice":1,"minecraft:spider_eye":1,"minecraft:infested_stone_bricks":19,"minecraft:black_wool":1,"minecraft:coal":44,"minecraft:ender_pearl":1,"minecraft:sunflower":13},"minecraft:custom":{"minecraft:interact_with_crafting_table":58,"minecraft:leave_game":20,"minecraft:time_since_death":226760,"minecraft:damage_resisted":0,"minecraft:sprint_one_cm":1769417,"minecraft:damage_blocked_by_shield":375,"minecraft:drop":36,"minecraft:play_time":755615,"minecraft:deaths":5,"minecraft:jump":4982,"minecraft:walk_on_water_one_cm":48984,"minecraft:interact_with_furnace":31,"vampirism:interact_with_research_table":1,"minecraft:sleep_in_bed":10,"minecraft:waystone_activated":3,"minecraft:damage_dealt":18224,"minecraft:crouch_one_cm":161924,"minecraft:interact_with_smoker":6,"minecraft:inspect_dispenser":3,"minecraft:mob_kills":81,"minecraft:interact_with_anvil":5,"minecraft:damage_dealt_resisted":479,"minecraft:climb_one_cm":651,"minecraft:walk_one_cm":5138321,"minecraft:damage_dealt_absorbed":111,"minecraft:sneak_time":27463,"minecraft:walk_under_water_one_cm":40658,"minecraft:interact_with_blast_furnace":1,"minecraft:total_world_time":755615,"minecraft:pot_flower":9,"minecraft:time_since_rest":101072,"minecraft:damage_taken":27867,"minecraft:damage_absorbed":32,"minecraft:swim_one_cm":15462,"minecraft:fly_one_cm":1842987,"minecraft:open_chest":224,"minecraft:fall_one_cm":84012},"minecraft:killed":{"vampirism:vampire":4,"minecraft:cave_spider":1,"minecraft:spider":3,"minecraft:skeleton":2,"minecraft:chicken":9,"irons_spellbooks:summoned_skeleton":2,"minecraft:pig":13,"irons_spellbooks:necromancer":1,"vampirism:hunter":2,"minecraft:sheep":4,"minecraft:pillager":3,"minecraft:zombie":14,"minecraft:stray":1,"minecraft:cow":7,"minecraft:horse":14,"vampirism:villager_angry":1},"minecraft:killed_by":{"vampirism:villager_angry":2,"vampirism:vampire":1,"minecraft:player":2},"minecraft:crafted":{"minecraft:oak_planks":588,"onlyhammersandexcavators:obsidian_hammer":2,"minecraft:cooked_chicken":5,"minecraft:cobblestone_stairs":24,"minecraft:diamond_shovel":1,"apotheosis:ender_lead":2,"minecraft:oak_fence":42,"onlyhammersandexcavators:stone_hammer":3,"minecraft:oak_slab":48,"sophisticatedbackpacks:backpack":1,"minecraft:cooked_porkchop":22,"minecraft:diamond_axe":1,"minecraft:crafting_table":3,"minecraft:wooden_pickaxe":1,"minecraft:gold_block":4,"farmersdelight:fried_egg":11,"minecraft:charcoal":20,"minecraft:diamond_pickaxe":2,"sophisticatedbackpacks:diamond_backpack":1,"minecraft:stick":140,"quark:oak_chest":3,"minecraft:iron_ingot":7,"minecraft:gold_ingot":9,"mca:blueprint":1,"minecraft:coal":9,"onlyhammersandexcavators:obsidian_excavator":2,"minecraft:furnace":1,"mca:bouquet":2,"minecraft:oak_trapdoor":12,"minecraft:diamond_block":2,"minecraft:diamond":9,"minecraft:iron_axe":2,"minecraft:stone_pickaxe":1,"sophisticatedbackpacks:iron_backpack":1,"minecraft:cooked_beef":14,"mca:engagement_ring":1,"minecraft:iron_sword":1,"sophisticatedbackpacks:gold_backpack":1,"minecraft:stone_axe":1,"minecraft:air":0,"minecraft:blue_dye":1,"onlyhammersandexcavators:stone_excavator":1,"minecraft:white_bed":1,"minecraft:torch":136,"mca:wedding_ring":1,"farmersdelight:oak_cabinet":6}},"DataVersion":3465}