{"stats":{"minecraft:killed_by":{"vampirism:villager_angry":2,"vampirism:vampire":1,"minecraft:player":2},"minecraft:custom":{"minecraft:interact_with_crafting_table":59,"minecraft:open_barrel":18,"minecraft:leave_game":27,"minecraft:time_since_death":162922,"minecraft:damage_resisted":0,"minecraft:sprint_one_cm":2195146,"minecraft:damage_blocked_by_shield":375,"minecraft:drop":75,"minecraft:talked_to_villager":2,"minecraft:play_time":1769093,"minecraft:deaths":6,"minecraft:jump":6437,"minecraft:walk_on_water_one_cm":103928,"minecraft:interact_with_furnace":39,"vampirism:interact_with_research_table":1,"minecraft:sleep_in_bed":14,"minecraft:waystone_activated":6,"minecraft:damage_dealt":84405,"minecraft:crouch_one_cm":177704,"minecraft:interact_with_smoker":13,"minecraft:inspect_dispenser":3,"minecraft:interact_with_smithing_table":2,"minecraft:interact_with_anvil":13,"minecraft:mob_kills":237,"minecraft:fill_cauldron":1,"minecraft:damage_dealt_resisted":168036,"minecraft:climb_one_cm":31552,"minecraft:walk_one_cm":6905676,"minecraft:damage_dealt_absorbed":111,"minecraft:sneak_time":59192,"minecraft:walk_under_water_one_cm":1259697,"minecraft:interact_with_blast_furnace":5,"minecraft:total_world_time":1769093,"minecraft:pot_flower":15,"minecraft:time_since_rest":163105,"minecraft:damage_taken":27915,"minecraft:damage_absorbed":32,"minecraft:swim_one_cm":37791,"minecraft:fly_one_cm":12950775,"minecraft:open_chest":376,"minecraft:fall_one_cm":89816},"minecraft:crafted":{"minecraft:oak_planks":588,"onlyhammersandexcavators:obsidian_hammer":2,"minecraft:cooked_chicken":5,"minecraft:cobblestone_stairs":24,"minecraft:diamond_shovel":1,"apotheosis:ender_lead":2,"minecraft:oak_fence":42,"onlyhammersandexcavators:stone_hammer":3,"minecraft:oak_slab":48,"sophisticatedbackpacks:backpack":1,"minecraft:cooked_porkchop":22,"minecraft:diamond_axe":1,"minecraft:crafting_table":3,"minecraft:wooden_pickaxe":1,"minecraft:gold_block":4,"farmersdelight:fried_egg":11,"minecraft:charcoal":20,"minecraft:diamond_pickaxe":2,"sophisticatedbackpacks:diamond_backpack":1,"minecraft:stick":140,"quark:oak_chest":3,"minecraft:iron_ingot":7,"minecraft:gold_ingot":9,"mca:blueprint":1,"minecraft:coal":9,"onlyhammersandexcavators:obsidian_excavator":2,"minecraft:furnace":1,"mca:bouquet":2,"minecraft:diamond_block":2,"minecraft:oak_trapdoor":12,"minecraft:diamond":9,"minecraft:iron_axe":2,"minecraft:stone_pickaxe":1,"sophisticatedbackpacks:iron_backpack":1,"minecraft:cooked_beef":14,"mca:engagement_ring":1,"minecraft:iron_sword":1,"sophisticatedbackpacks:gold_backpack":1,"scalinghealth:heart_crystal":1,"minecraft:stone_axe":1,"minecraft:air":0,"minecraft:blue_dye":1,"onlyhammersandexcavators:stone_excavator":1,"minecraft:white_bed":1,"minecraft:torch":136,"mca:wedding_ring":1,"farmersdelight:oak_cabinet":6},"minecraft:dropped":{"minecraft:candle":32,"minecraft:cooked_beef":64,"minecraft:glass_bottle":1,"minecraft:ender_pearl":2,"mca:bouquet":1,"minecraft:orange_tulip":1,"minecraft:leather":4,"minecraft:red_wool":2,"minecraft:dirt":1,"farmersdelight:onion":2,"gravestone:obituary":2,"minecraft:white_wool":1,"minecraft:oak_door":1,"minecraft:diamond_block":1,"mca:book_blueprint":1,"minecraft:pointed_dripstone":5,"minecraft:azure_bluet":2,"apotheosis:ender_lead":1,"mca:villager_editor":1,"minecraft:gunpowder":1,"minecraft:brick_stairs":1,"vampirism:oil_bottle":1,"minecraft:spruce_slab":2,"minecraft:arrow":128,"minecraft:stripped_spruce_log":6,"minecraft:wheat_seeds":13,"minecraft:granite":64,"minecraft:spruce_stairs":3,"minecraft:grass_block":1,"minecraft:stick":1,"irons_spellbooks:scroll":3,"minecraft:brewing_stand":1,"minecraft:torch":32,"minecraft:melon_slice":31,"minecraft:potion":1,"minecraft:oak_stairs":1,"minecraft:granite_stairs":1,"sophisticatedbackpacks:crafting_upgrade":1,"ars_nouveau:wilden_wing":1,"minecraft:dandelion":1,"minecraft:blaze_rod":8,"minecraft:spruce_fence":9,"minecraft:stone":1,"minecraft:shield":1,"minecraft:diamond_pickaxe":1,"minecraft:andesite":9,"minecraft:oak_sapling":15,"minecraft:spider_eye":1,"minecraft:stone_bricks":1,"minecraft:barrel":1,"minecraft:spruce_log":20,"minecraft:slime_ball":4,"waystones:waystone":1,"hole_filler_mod:throwable_hole_filler_balanced_slice":1},"minecraft:mined":{"minecraft:large_amethyst_bud":1,"farmersdelight:rich_soil":9,"minecraft:farmland":35,"minecraft:cobblestone_stairs":31,"minecraft:granite":109,"minecraft:grass_block":754,"minecraft:oak_pressure_plate":1,"minecraft:coal_block":29,"minecraft:oxeye_daisy":2,"minecraft:smooth_stone":1,"minecraft:iron_ore":17,"minecraft:cobbled_deepslate":16,"minecraft:azure_bluet":4,"minecraft:nether_brick_stairs":2,"minecraft:dirt_path":703,"minecraft:oak_stairs":277,"minecraft:iron_bars":2,"minecraft:quartz_block":11,"ars_nouveau:light_block":3,"minecraft:amethyst_cluster":11,"minecraft:torch":13,"minecraft:calcite":1,"minecraft:poppy":4,"minecraft:cobblestone":559,"minecraft:oak_planks":139,"minecraft:wall_torch":8,"minecraft:amethyst_block":6,"ars_nouveau:archwood_planks":4,"minecraft:wheat":1,"minecraft:stripped_oak_wood":2,"minecraft:smooth_stone_slab":15,"minecraft:grass":599,"minecraft:oak_log":231,"minecraft:oak_fence_gate":1,"minecraft:dirt":793,"minecraft:netherrack":3,"minecraft:oak_leaves":5,"minecraft:deepslate":210,"minecraft:diamond_ore":8,"minecraft:tuff":21,"iceandfire:silver_ore":2,"minecraft:mossy_cobblestone":24,"minecraft:deepslate_diamond_ore":21,"minecraft:oak_door":8,"gravestone:gravestone":6,"minecraft:nether_bricks":16,"minecraft:furnace":6,"minecraft:carrots":1,"minecraft:andesite":11,"minecraft:diamond_block":2,"minecraft:deepslate_iron_ore":3,"minecraft:vine":14,"minecraft:stone":1084,"minecraft:oak_slab":56,"minecraft:glass_pane":16,"quark:oak_chest":6,"minecraft:dandelion":25,"minecraft:oak_fence":59,"minecraft:crafting_table":14,"minecraft:cornflower":4,"minecraft:copper_ore":4,"minecraft:tall_grass":29,"minecraft:diorite":12,"minecraft:lime_bed":1,"minecraft:coarse_dirt":8,"minecraft:cobblestone_wall":3,"minecraft:birch_leaves":3,"vampirism:garlic":2,"minecraft:coal_ore":2,"minecraft:sunflower":14,"minecraft:cracked_stone_bricks":1,"minecraft:polished_andesite":3,"minecraft:stone_bricks":2,"minecraft:gold_ore":10},"minecraft:used":{"minecraft:purple_candle":4,"minecraft:iron_shovel":51,"minecraft:polished_deepslate":7,"minecraft:smooth_quartz_slab":45,"minecraft:dispenser":1,"minecraft:spruce_slab":60,"farmersdelight:stove":4,"minecraft:white_concrete_powder":1,"minecraft:chest":93,"minecraft:shield":1,"minecraft:stone":797,"minecraft:iron_sword":368,"minecraft:stripped_crimson_stem":96,"minecraft:soul_sand":2,"minecraft:nether_bricks":31,"minecraft:tuff":3,"minecraft:stripped_spruce_log":40,"minecraft:glass":5,"minecraft:lava_bucket":239,"hole_filler_mod:throwable_hole_filler_balanced_slice":121,"minecraft:red_wool":66,"minecraft:lantern":24,"minecraft:grass_block":7653,"farmersdelight:rice_roll_medley_block":2,"minecraft:quartz_block":4,"onlyhammersandexcavators:stone_hammer":650,"quark:crimson_vertical_slab":8,"minecraft:stone_brick_stairs":66,"minecraft:stone_bricks":6081,"minecraft:bedrock":193,"minecraft:item_frame":50,"minecraft:red_carpet":115,"minecraft:magma_block":2,"farmersdelight:cutting_board":3,"minecraft:oak_sapling":3,"minecraft:furnace":8,"minecraft:skeleton_skull":2,"minecraft:egg":1,"epicfight:skillbook":1,"minecraft:diorite":7,"minecraft:spruce_door":1,"minecraft:stripped_birch_log":200,"minecraft:stone_pickaxe":133,"minecraft:oak_planks":237,"minecraft:blackstone":16,"minecraft:wooden_pickaxe":23,"minecraft:diamond_axe":96,"mowziesmobs:naga_spawn_egg":1,"minecraft:smooth_quartz_stairs":33,"minecraft:oak_leaves":37,"minecraft:white_wool":39,"onlyhammersandexcavators:stone_excavator":559,"mca:female_villager_spawn_egg":3,"ars_nouveau:archwood_planks":2,"minecraft:blast_furnace":5,"minecraft:stone_brick_wall":69,"minecraft:crimson_fence_gate":2,"ars_nouveau:enchanting_apparatus":1,"waystones:waystone":1,"minecraft:black_concrete":25,"minecraft:heavy_weighted_pressure_plate":13,"minecraft:string":1,"minecraft:bread":1,"minecraft:stone_button":9,"onlyhammersandexcavators:emerald_hammer":188,"minecraft:iron_door":2,"vampirism:vampire_spawn_egg":15,"minecraft:soul_lantern":17,"minecraft:smithing_table":3,"minecraft:andesite":1,"minecraft:chain":8,"quark:ancient_pressure_plate":2,"minecraft:white_concrete":45,"minecraft:experience_bottle":512,"minecraft:netherite_sword":2,"minecraft:oak_fence":52,"minecraft:polished_blackstone_brick_slab":14,"minecraft:iron_bars":3,"minecraft:enchanting_table":2,"minecraft:flint_and_steel":130,"ars_nouveau:arcane_core":1,"minecraft:armor_stand":2,"minecraft:light_gray_carpet":5,"minecraft:spruce_planks":380,"minecraft:ender_chest":1,"hole_filler_mod:throwable_hole_filler_balanced":1,"vampirism:dark_stone_wall":7,"minecraft:stripped_birch_wood":61,"minecraft:cooked_chicken":5,"minecraft:netherrack":1,"minecraft:torch":231,"ars_nouveau:purple_archwood_leaves":50,"minecraft:dirt":2919,"minecraft:anvil":4,"scalinghealth:heart_crystal":23,"minecraft:hopper":1,"minecraft:spruce_stairs":26,"minecraft:cobblestone_wall":11,"minecraft:stone_stairs":69,"minecraft:granite":1,"minecraft:spruce_fence":78,"minecraft:nether_brick_stairs":1,"minecraft:polished_diorite":6,"minecraft:shroomlight":54,"minecraft:andesite_wall":3,"born_in_chaos_v1:supreme_measure":123,"minecraft:stone_brick_slab":23,"farmersdelight:oak_cabinet":6,"minecraft:bookshelf":55,"minecraft:iron_axe":772,"minecraft:oak_stairs":59,"minecraft:crimson_slab":86,"minecraft:polished_blackstone_brick_stairs":234,"minecraft:smooth_quartz":41,"scalinghealth:power_crystal":10,"minecraft:crimson_planks":107,"minecraft:barrel":27,"farmersdelight:mangrove_cabinet":12,"minecraft:tripwire_hook":2,"onlyhammersandexcavators:emerald_excavator":10,"minecraft:wolf_spawn_egg":2,"farmersdelight:cooking_pot":2,"minecraft:cooked_beef":25,"minecraft:cobbled_deepslate":150,"mca:staff_of_life":1,"minecraft:pointed_dripstone":8,"minecraft:dead_bubble_coral_fan":6,"farmersdelight:fried_egg":3,"farmersdelight:roast_chicken_block":4,"minecraft:cooked_mutton":12,"minecraft:water_bucket":22,"minecraft:cobblestone_stairs":41,"minecraft:dirt_path":46,"minecraft:birch_planks":56,"farmersdelight:skillet":3,"minecraft:dark_oak_hanging_sign":2,"farmersdelight:honey_glazed_ham_block":1,"quark:cobblestone_bricks":578,"minecraft:polished_andesite":1,"minecraft:red_nether_bricks":116,"minecraft:spruce_sign":28,"minecraft:cauldron":1,"farmersdelight:dark_oak_cabinet":4,"minecraft:fletching_table":3,"grimoireofgaia:cecaelia_spawn_egg":1,"minecraft:spruce_fence_gate":4,"minecraft:polished_blackstone_bricks":229,"minecraft:mossy_cobblestone":5,"minecraft:diamond_block":2,"minecraft:lime_bed":3,"minecraft:tnt":573,"minecraft:crimson_trapdoor":16,"minecraft:oak_slab":16,"minecraft:crafting_table":19,"minecraft:red_bed":9,"quark:red_stool":4,"minecraft:white_bed":1,"minecraft:campfire":1,"minecraft:painting":2,"minecraft:cake":1,"minecraft:smoker":6,"minecraft:amethyst_cluster":3,"minecraft:oak_log":38,"minecraft:flower_pot":16,"minecraft:diamond_pickaxe":1087,"minecraft:apple":5,"minecraft:diamond_shovel":2449,"minecraft:cracked_polished_blackstone_bricks":79,"ars_nouveau:arcane_pedestal":4,"minecraft:oak_button":1,"minecraft:iron_pickaxe":298,"quark:smooth_quartz_vertical_slab":20,"minecraft:spruce_trapdoor":107,"minecraft:stone_axe":47,"minecraft:crimson_sign":9,"minecraft:cobblestone":1852,"minecraft:potion":10,"minecraft:crimson_stairs":74,"minecraft:cooked_porkchop":22,"minecraft:bucket":1,"minecraft:red_banner":17,"minecraft:sea_pickle":11,"minecraft:glass_pane":64,"quark:oak_chest":7,"minecraft:yellow_bed":1,"minecraft:stripped_oak_log":98,"minecraft:kelp":94,"minecraft:purple_carpet":9,"minecraft:dandelion":2,"minecraft:splash_potion":3,"minecraft:candle":23,"minecraft:birch_stairs":25},"minecraft:picked_up":{"irons_spellbooks:scroll":1,"minecraft:lead":1,"minecraft:oak_stairs":264,"minecraft:potion":3,"minecraft:enchanted_book":3,"spartanshields:diamond_basic_shield":1,"minecraft:brewing_stand":1,"minecraft:amethyst_block":6,"minecraft:string":14,"minecraft:raw_copper":25,"minecraft:smooth_stone_slab":13,"minecraft:shroomlight":64,"minecraft:beetroot":2,"vampirism:obi_belt":2,"minecraft:sea_pickle":4,"irons_spellbooks:arcane_essence":3,"minecraft:diamond_leggings":2,"minecraft:cobbled_deepslate":214,"minecraft:smooth_stone":1,"minecraft:spruce_planks":3,"minecraft:calcite":4,"minecraft:iron_pickaxe":1,"minecraft:melon_slice":31,"minecraft:coal_block":29,"minecraft:crimson_sign":2,"minecraft:furnace":6,"minecraft:tipped_arrow":1,"minecraft:stick":35,"apotheosis:gem":3,"born_in_chaos_v1:shattered_skull":2,"minecraft:composter":1,"minecraft:oak_fence":65,"minecraft:torch":82,"minecraft:spruce_stairs":3,"epicfight:skillbook":2,"minecraft:porkchop":23,"vampirism:vampire_fang":3,"minecraft:diorite":12,"vampirism:amulet":3,"minecraft:quartz_block":4,"minecraft:rotten_flesh":12,"farmersdelight:onion":6,"ars_nouveau:whirlisprig_shards":1,"minecraft:leather_horse_armor":1,"minecraft:blaze_rod":8,"epicfight:stray_robe":1,"minecraft:iron_bars":1,"minecraft:cobblestone":1676,"minecraft:cooked_beef":2,"minecraft:feather":9,"born_in_chaos_v1:spiritual_dust":3,"minecraft:andesite":11,"minecraft:potato":10,"ars_nouveau:magebloom":6,"minecraft:tuff":23,"minecraft:lapis_lazuli":4,"minecraft:dirt":2345,"minecraft:bone":15,"ars_nouveau:source_gem":8,"minecraft:bow":1,"minecraft:wheat_seeds":109,"minecraft:orange_tulip":1,"minecraft:raw_gold":10,"minecraft:bell":1,"vampirism:item_garlic":19,"minecraft:rabbit":1,"minecraft:diamond_helmet":2,"minecraft:oak_planks":142,"irons_spellbooks:frozen_bone":5,"minecraft:music_disc_13":1,"vampirism:ring":2,"minecraft:oak_pressure_plate":1,"scalinghealth:enchanted_heart":1,"minecraft:stripped_spruce_log":6,"minecraft:nether_brick_stairs":2,"minecraft:ink_sac":3,"minecraft:diamond_block":3,"minecraft:fermented_spider_eye":1,"minecraft:barrel":1,"minecraft:mossy_cobblestone":24,"minecraft:polished_andesite":2,"vampirism:pitchfork":1,"minecraft:diamond":30,"vampirism:oil_bottle":1,"waystones:waystone":1,"minecraft:crossbow":1,"minecraft:granite":130,"minecraft:bone_meal":4,"minecraft:spruce_sign":8,"scalinghealth:cursed_heart":3,"minecraft:oak_sapling":73,"born_in_chaos_v1:rotten_fish":1,"minecraft:netherrack":3,"minecraft:crafting_table":14,"minecraft:bee_nest":1,"minecraft:azure_bluet":5,"iceandfire:witherbone":1,"minecraft:chicken":9,"born_in_chaos_v1:seedof_chaos":2,"gravestone:obituary":2,"minecraft:shield":1,"epicfight:stray_pants":1,"minecraft:heavy_weighted_pressure_plate":4,"minecraft:cornflower":4,"ars_nouveau:archwood_planks":4,"minecraft:moss_carpet":1,"epicfight:stray_hat":1,"minecraft:item_frame":5,"minecraft:cracked_stone_bricks":23,"minecraft:beef":14,"minecraft:iron_nugget":3,"minecraft:poppy":3,"minecraft:spruce_slab":2,"minecraft:birch_sapling":7,"minecraft:spruce_trapdoor":6,"minecraft:egg":8,"minecraft:raw_iron":24,"grimoireofgaia:meat":1,"minecraft:oak_door":9,"minecraft:spruce_fence":9,"farmersdelight:tomato_seeds":6,"born_in_chaos_v1:pieceofdarkmetal":3,"minecraft:carrot":14,"minecraft:redstone":1,"mca:book_blueprint":1,"minecraft:arrow":10,"minecraft:diamond_chestplate":2,"minecraft:beetroot_seeds":6,"minecraft:nether_bricks":16,"minecraft:diamond_boots":2,"minecraft:gold_ingot":2,"minecraft:brick_stairs":1,"minecraft:mutton":5,"minecraft:bone_block":14,"minecraft:white_wool":4,"minecraft:oxeye_daisy":1,"minecraft:lime_bed":2,"farmersdelight:rich_soil":9,"minecraft:salmon":2,"minecraft:leather":24,"minecraft:red_mushroom":7,"minecraft:granite_stairs":1,"minecraft:oak_log":233,"minecraft:yellow_bed":1,"minecraft:cobblestone_wall":3,"minecraft:gunpowder":1,"minecraft:cobblestone_stairs":34,"scalinghealth:heart_crystal":1,"minecraft:paper":16,"minecraft:white_banner":1,"minecraft:cooked_mutton":12,"minecraft:red_carpet":7,"vampirism:human_heart":25,"minecraft:apple":5,"minecraft:stone_bricks":33,"minecraft:kelp":49,"minecraft:rabbit_hide":5,"minecraft:oak_fence_gate":1,"scalinghealth:power_crystal_shard":6,"mca:villager_editor":3,"minecraft:stripped_oak_wood":2,"minecraft:iron_sword":1,"minecraft:oak_slab":56,"minecraft:polished_andesite_stairs":42,"scalinghealth:heart_crystal_shard":13,"minecraft:smooth_basalt":7,"minecraft:red_wool":1,"minecraft:dandelion":24,"minecraft:gravel":1,"ars_nouveau:bastion_pod":3,"minecraft:amethyst_shard":44,"minecraft:red_banner":3,"minecraft:spruce_log":20,"quark:oak_chest":5,"hole_filler_mod:throwable_hole_filler_balanced_slice":1,"minecraft:spider_eye":2,"minecraft:infested_stone_bricks":19,"ars_nouveau:source_gem_block":9,"minecraft:black_wool":1,"minecraft:coal":82,"minecraft:sunflower":13,"minecraft:ender_pearl":1},"minecraft:broken":{"minecraft:iron_chestplate":1,"minecraft:iron_leggings":1,"minecraft:stone_pickaxe":1,"wom:diamond_crown":1,"minecraft:diamond_shovel":1,"minecraft:iron_sword":1,"minecraft:leather_helmet":1,"onlyhammersandexcavators:stone_hammer":1,"minecraft:iron_axe":3},"minecraft:killed":{"vampirism:vampire":5,"minecraft:cave_spider":1,"minecraft:spider":4,"minecraft:skeleton":9,"minecraft:chicken":9,"vampirism:advanced_hunter":5,"minecraft:silverfish":8,"irons_spellbooks:summoned_skeleton":2,"born_in_chaos_v1:bonescaller":1,"minecraft:pig":14,"vampirism:hunter_trainer":1,"irons_spellbooks:necromancer":1,"vampirism:hunter":104,"minecraft:sheep":4,"minecraft:pillager":3,"minecraft:zombie":14,"minecraft:stray":9,"minecraft:cow":7,"minecraft:blaze":1,"mowziesmobs:naga":1,"minecraft:horse":17,"grimoireofgaia:bee":2,"grimoireofgaia:cyan_flower":1,"minecraft:rabbit":3,"vampirism:villager_angry":1,"born_in_chaos_v1:decrepit_skeleton":1,"grimoireofgaia:werecat":1,"minecraft:wither_skeleton":3}},"DataVersion":3465}