{"stats":{"minecraft:broken":{"minecraft:iron_chestplate":1,"minecraft:iron_leggings":1,"wom:diamond_crown":1,"minecraft:diamond_shovel":1,"minecraft:iron_sword":1,"minecraft:leather_helmet":1,"minecraft:iron_axe":3,"minecraft:stone_pickaxe":1,"onlyhammersandexcavators:stone_hammer":1},"minecraft:custom":{"minecraft:interact_with_crafting_table":69,"minecraft:open_barrel":41,"minecraft:leave_game":64,"minecraft:time_since_death":185197,"minecraft:damage_blocked_by_shield":375,"minecraft:play_time":2673315,"minecraft:deaths":9,"minecraft:jump":8905,"minecraft:enchant_item":18,"minecraft:interact_with_furnace":41,"minecraft:play_record":2,"minecraft:traded_with_villager":29,"minecraft:sleep_in_bed":16,"minecraft:waystone_activated":9,"minecraft:damage_dealt":171422,"minecraft:interact_with_smoker":14,"minecraft:inspect_dispenser":3,"minecraft:interact_with_smithing_table":8,"minecraft:interact_with_anvil":37,"minecraft:damage_dealt_absorbed":350,"minecraft:sneak_time":79195,"minecraft:interact_with_blast_furnace":16,"minecraft:total_world_time":2673315,"minecraft:interact_with_stonecutter":1,"minecraft:time_since_rest":2117,"minecraft:swim_one_cm":60228,"minecraft:fly_one_cm":22609235,"minecraft:open_chest":542,"minecraft:fall_one_cm":145886,"minecraft:damage_resisted":892,"minecraft:sprint_one_cm":2831506,"minecraft:drop":309,"minecraft:talked_to_villager":6,"minecraft:interact_with_brewingstand":2,"minecraft:walk_on_water_one_cm":114807,"vampirism:interact_with_research_table":1,"minecraft:open_enderchest":2,"minecraft:player_kills":3,"minecraft:crouch_one_cm":209569,"minecraft:mob_kills":395,"minecraft:fill_cauldron":1,"minecraft:damage_dealt_resisted":227108,"minecraft:climb_one_cm":63521,"minecraft:walk_one_cm":9487778,"minecraft:walk_under_water_one_cm":1660342,"minecraft:pot_flower":19,"minecraft:interact_with_grindstone":1,"minecraft:damage_taken":43231,"minecraft:damage_absorbed":545,"minecraft:aviate_one_cm":288},"minecraft:used":{"minecraft:smooth_quartz_slab":45,"minecraft:dispenser":1,"minecraft:spruce_slab":66,"quark:crimson_ladder":15,"minecraft:chest":99,"minecraft:stone":1034,"minecraft:soul_sand":3,"iceandfire:spawn_egg_fire_dragon":1,"minecraft:stripped_spruce_log":40,"ars_nouveau:alteration_table":2,"cataclysm:infernal_forge":2,"ars_nouveau:archwood_chest":15,"minecraft:lava_bucket":661,"minecraft:red_wool":67,"minecraft:grass_block":8911,"hole_filler_mod:throwable_hole_filler_balanced_slice":121,"minecraft:quartz_block":117,"apotheosis:sightshelf_t2":15,"minecraft:stone_brick_stairs":66,"ars_nouveau:archwood_door":3,"minecraft:oak_sapling":3,"minecraft:furnace":9,"minecraft:egg":1,"quark:magenta_framed_glass_pane":25,"minecraft:diorite":7,"minecraft:spruce_door":1,"minecraft:stripped_birch_log":200,"minecraft:blackstone":26,"minecraft:wooden_pickaxe":23,"minecraft:smooth_quartz_stairs":33,"mowziesmobs:naga_spawn_egg":1,"minecraft:oak_leaves":37,"minecraft:golden_apple":8,"mca:female_villager_spawn_egg":3,"minecraft:blast_furnace":6,"minecraft:deepslate_brick_stairs":11,"minecraft:crimson_fence_gate":2,"ars_nouveau:archwood_fence":58,"minecraft:zombie_head":4,"minecraft:stone_button":9,"ars_nouveau:purple_archwood_log":151,"spartanweaponry:diamond_greatsword":302,"vampirism:vampire_spawn_egg":16,"minecraft:soul_lantern":26,"minecraft:smithing_table":4,"apotheosis:sightshelf":30,"ars_nouveau:archwood_stairs":90,"minecraft:oak_trapdoor":23,"ars_nouveau:stripped_purple_archwood_log":69,"minecraft:polished_blackstone_brick_slab":14,"minecraft:iron_bars":5,"minecraft:enchanting_table":4,"ars_nouveau:arcane_core":1,"minecraft:carved_pumpkin":2,"minecraft:armor_stand":2,"minecraft:light_gray_carpet":5,"hole_filler_mod:throwable_hole_filler_balanced":1,"vampirism:dark_stone_wall":7,"minecraft:polished_blackstone_wall":2,"ars_nouveau:archwood_slab":63,"minecraft:netherrack":19,"minecraft:torch":354,"ars_nouveau:purple_archwood_leaves":58,"minecraft:brewing_stand":2,"minecraft:anvil":10,"minecraft:stone_stairs":69,"minecraft:nether_brick_stairs":1,"minecraft:polished_diorite":17,"minecraft:shroomlight":54,"born_in_chaos_v1:supreme_measure":220,"farmersdelight:oak_cabinet":6,"minecraft:iron_block":8,"minecraft:iron_axe":772,"etched:etched_music_disc":2,"minecraft:polished_deepslate_wall":18,"minecraft:spawner":1,"minecraft:smooth_quartz":41,"minecraft:barrel":29,"minecraft:basalt":37,"minecraft:tripwire_hook":2,"minecraft:glowstone":31,"farmersdelight:cooking_pot":2,"minecraft:cobbled_deepslate":261,"mca:staff_of_life":2,"minecraft:dead_bubble_coral_fan":6,"minecraft:pointed_dripstone":8,"farmersdelight:roast_chicken_block":4,"minecraft:water_bucket":60,"spartanweaponry:netherite_greatsword":5,"minecraft:dirt_path":70,"minecraft:birch_planks":56,"farmersdelight:honey_glazed_ham_block":1,"quark:cobblestone_bricks":578,"minecraft:cauldron":1,"farmersdelight:dark_oak_cabinet":4,"minecraft:fletching_table":3,"grimoireofgaia:cecaelia_spawn_egg":1,"minecraft:spruce_fence_gate":4,"minecraft:deepslate_bricks":203,"minecraft:polished_blackstone_bricks":280,"minecraft:mossy_cobblestone":5,"minecraft:diamond_block":2,"minecraft:crimson_trapdoor":16,"minecraft:oak_slab":16,"minecraft:tnt":794,"minecraft:crafting_table":20,"minecraft:red_bed":9,"minecraft:campfire":1,"minecraft:white_bed":1,"minecraft:cake":1,"apotheosis:echoing_sculkshelf":15,"minecraft:oak_log":38,"minecraft:amethyst_cluster":3,"minecraft:diamond_pickaxe":3766,"minecraft:diamond_shovel":2520,"apotheosis:hellshelf":65,"minecraft:oak_button":1,"minecraft:iron_pickaxe":298,"quark:smooth_quartz_vertical_slab":20,"ars_nouveau:arcane_pedestal":4,"minecraft:spruce_trapdoor":205,"minecraft:crimson_sign":9,"minecraft:cobblestone":1997,"minecraft:potion":15,"minecraft:purple_bed":1,"minecraft:crimson_stairs":125,"minecraft:cooked_porkchop":22,"minecraft:glass_pane":64,"ars_nouveau:archwood_trapdoor":51,"quark:oak_chest":7,"minecraft:stripped_oak_log":98,"minecraft:kelp":94,"minecraft:dandelion":2,"minecraft:candle":215,"apotheosis:blazing_hellshelf":47,"minecraft:purple_candle":4,"minecraft:iron_shovel":51,"minecraft:polished_deepslate":257,"minecraft:white_concrete_powder":1,"farmersdelight:stove":4,"minecraft:shield":1,"minecraft:iron_sword":368,"minecraft:stripped_crimson_stem":96,"minecraft:nether_bricks":31,"minecraft:tuff":3,"minecraft:polished_deepslate_stairs":33,"minecraft:glass":5,"minecraft:lantern":53,"farmersdelight:rice_roll_medley_block":2,"minecraft:polished_blackstone_brick_wall":1,"onlyhammersandexcavators:stone_hammer":650,"quark:crimson_vertical_slab":20,"minecraft:stone_bricks":6081,"minecraft:bedrock":227,"minecraft:item_frame":52,"minecraft:red_carpet":115,"farmersdelight:cutting_board":3,"minecraft:magma_block":9,"ironchest:obsidian_chest":17,"minecraft:skeleton_skull":14,"apotheosis:salvaging_table":2,"epicfight:skillbook":5,"minecraft:stone_pickaxe":133,"minecraft:oak_planks":237,"minecraft:ender_pearl":11,"minecraft:diamond_axe":98,"minecraft:white_wool":39,"onlyhammersandexcavators:stone_excavator":559,"ars_nouveau:archwood_planks":222,"minecraft:stone_brick_wall":69,"ars_nouveau:enchanting_apparatus":1,"spartanweaponry:diamond_longsword":81,"waystones:waystone":1,"minecraft:black_concrete":25,"minecraft:heavy_weighted_pressure_plate":13,"minecraft:bread":1,"minecraft:string":1,"onlyhammersandexcavators:emerald_hammer":188,"minecraft:gravel":20,"minecraft:iron_door":2,"apotheosis:reforging_table":2,"minecraft:blackstone_slab":7,"apotheosis:echoing_deepshelf":15,"minecraft:grindstone":1,"minecraft:andesite":1,"minecraft:chain":15,"quark:ancient_pressure_plate":2,"minecraft:white_concrete":45,"minecraft:cobweb":3,"minecraft:experience_bottle":512,"minecraft:oak_fence":52,"minecraft:netherite_sword":2,"minecraft:flint_and_steel":318,"minecraft:spruce_planks":546,"minecraft:ender_chest":1,"minecraft:stripped_birch_wood":61,"minecraft:cooked_chicken":5,"minecraft:dirt":5177,"scalinghealth:heart_crystal":84,"minecraft:white_carpet":9,"minecraft:hopper":1,"minecraft:spruce_stairs":68,"minecraft:cobblestone_wall":11,"minecraft:diamond_helmet":1,"minecraft:granite":1,"minecraft:spruce_fence":78,"minecraft:andesite_wall":3,"minecraft:purple_stained_glass_pane":25,"minecraft:stone_brick_slab":23,"minecraft:bookshelf":55,"minecraft:oak_stairs":59,"minecraft:crimson_slab":106,"minecraft:polished_blackstone_brick_stairs":235,"scalinghealth:power_crystal":45,"minecraft:crimson_planks":239,"farmersdelight:mangrove_cabinet":12,"onlyhammersandexcavators:emerald_excavator":10,"minecraft:golden_carrot":13,"minecraft:wolf_spawn_egg":2,"minecraft:netherite_pickaxe":17,"minecraft:cooked_beef":109,"minecraft:enchanted_golden_apple":2,"farmersdelight:fried_egg":3,"minecraft:cobbled_deepslate_wall":34,"minecraft:cooked_mutton":12,"minecraft:cobblestone_stairs":74,"farmersdelight:skillet":3,"minecraft:dark_oak_hanging_sign":2,"minecraft:polished_andesite":1,"minecraft:red_nether_bricks":116,"minecraft:blue_wool":1,"minecraft:spruce_sign":41,"quark:shiba_spawn_egg":3,"minecraft:stonecutter":1,"spartanweaponry:dynamite":2216,"minecraft:lime_bed":3,"quark:red_stool":4,"minecraft:painting":2,"minecraft:smoker":7,"minecraft:flower_pot":20,"minecraft:apple":5,"minecraft:cracked_polished_blackstone_bricks":84,"iceandfire:dragonbone_bow":140,"minecraft:stone_axe":47,"minecraft:bucket":1,"minecraft:red_banner":17,"minecraft:yellow_bed":1,"minecraft:sea_pickle":11,"apotheosis:infused_hellshelf":49,"minecraft:purple_carpet":22,"ars_nouveau:scribes_table":1,"minecraft:splash_potion":3,"minecraft:birch_stairs":25},"minecraft:crafted":{"minecraft:diamond_shovel":1,"minecraft:netherite_boots":1,"apotheosis:ender_lead":2,"iceandfire:dragonbone_arrow":5,"minecraft:diamond_axe":1,"minecraft:cooked_porkchop":22,"iceandfire:wither_shard":3,"waystones:warp_stone":1,"quark:oak_chest":3,"minecraft:gold_ingot":9,"sophisticatedbackpacks:netherite_backpack":1,"apotheosis:sightshelf":1,"onlyhammersandexcavators:obsidian_excavator":2,"mca:bouquet":2,"spartanweaponry:netherite_greatsword":1,"minecraft:diamond":9,"apotheosis:echoing_sculkshelf":1,"minecraft:stone_pickaxe":1,"minecraft:netherite_pickaxe":1,"mca:engagement_ring":1,"sophisticatedbackpacks:gold_backpack":1,"minecraft:lily_pad":10,"minecraft:white_bed":1,"farmersdelight:oak_cabinet":6,"minecraft:oak_planks":588,"onlyhammersandexcavators:obsidian_hammer":2,"minecraft:cooked_chicken":5,"minecraft:cobblestone_stairs":24,"minecraft:dandelion":12,"minecraft:netherite_helmet":1,"minecraft:netherite_upgrade_smithing_template":18,"minecraft:oak_fence":42,"onlyhammersandexcavators:stone_hammer":3,"minecraft:oak_slab":48,"sophisticatedbackpacks:backpack":1,"minecraft:crafting_table":3,"minecraft:wooden_pickaxe":1,"minecraft:gold_block":4,"iceandfire:dragonbone_bow":1,"farmersdelight:fried_egg":11,"minecraft:charcoal":20,"minecraft:diamond_pickaxe":2,"sophisticatedbackpacks:diamond_backpack":1,"minecraft:stick":140,"minecraft:iron_ingot":7,"mca:blueprint":1,"minecraft:coal":9,"minecraft:furnace":1,"minecraft:oak_trapdoor":12,"minecraft:diamond_block":2,"minecraft:netherite_chestplate":1,"minecraft:netherite_leggings":1,"minecraft:iron_axe":2,"minecraft:netherite_scrap":49,"sophisticatedbackpacks:iron_backpack":1,"minecraft:cooked_beef":14,"minecraft:iron_sword":1,"scalinghealth:heart_crystal":1,"minecraft:stone_axe":1,"minecraft:air":0,"minecraft:blue_dye":37,"onlyhammersandexcavators:stone_excavator":1,"minecraft:torch":136,"mca:wedding_ring":1},"minecraft:killed":{"vampirism:vampire":12,"minecraft:cave_spider":1,"minecraft:skeleton":17,"minecraft:chicken":9,"vampirism:advanced_hunter":5,"minecraft:skeleton_horse":1,"minecraft:magma_cube":30,"vampirism:hunter_trainer":1,"minecraft:pillager":11,"minecraft:zombie":36,"born_in_chaos_v1:corpse_fly":1,"minecraft:cow":7,"mowziesmobs:naga":1,"mca:female_zombie_villager":1,"minecraft:vindicator":8,"minecraft:zoglin":1,"born_in_chaos_v1:firelight":1,"minecraft:horse":17,"grimoireofgaia:cyan_flower":1,"minecraft:rabbit":3,"vampirism:villager_angry":1,"born_in_chaos_v1:decrepit_skeleton":1,"minecraft:zombified_piglin":1,"minecraft:spider":4,"cataclysm:netherite_monstrosity":1,"grimoireofgaia:minotaurus":1,"born_in_chaos_v1:scarlet_persecutor":2,"grimoireofgaia:orc":1,"minecraft:silverfish":8,"irons_spellbooks:summoned_skeleton":2,"minecraft:piglin_brute":6,"minecraft:piglin":13,"born_in_chaos_v1:bonescaller":1,"minecraft:pig":14,"irons_spellbooks:necromancer":1,"minecraft:creeper":1,"vampirism:hunter":121,"minecraft:sheep":7,"minecraft:trader_llama":2,"grimoireofgaia:harpy":5,"minecraft:stray":11,"minecraft:ghast":1,"minecraft:blaze":1,"grimoireofgaia:satyress":1,"grimoireofgaia:succubus":1,"grimoireofgaia:centaur":1,"born_in_chaos_v1:maggot":1,"minecraft:phantom":1,"grimoireofgaia:bee":3,"iceandfire:fire_dragon":1,"quark:foxhound":1,"minecraft:hoglin":2,"grimoireofgaia:werecat":1,"minecraft:wither_skeleton":3},"minecraft:mined":{"minecraft:granite":109,"minecraft:chiseled_polished_blackstone":1,"minecraft:oak_pressure_plate":1,"minecraft:coal_block":29,"minecraft:oxeye_daisy":2,"minecraft:spawner":3,"minecraft:polished_blackstone_bricks":103,"minecraft:magma_block":4,"minecraft:cobbled_deepslate":16,"minecraft:nether_brick_stairs":2,"minecraft:dirt_path":703,"minecraft:oak_stairs":277,"ars_nouveau:light_block":3,"minecraft:amethyst_cluster":11,"minecraft:soul_fire":4,"minecraft:torch":13,"minecraft:amethyst_block":6,"minecraft:wheat":1,"minecraft:grass":632,"minecraft:oak_fence_gate":1,"minecraft:deepslate":210,"iceandfire:silver_ore":2,"minecraft:mossy_cobblestone":24,"farmersdelight:wild_carrots":1,"minecraft:nether_bricks":16,"apotheosis:infused_hellshelf":15,"minecraft:andesite":11,"minecraft:diamond_block":2,"minecraft:vine":14,"minecraft:oak_slab":56,"minecraft:glass_pane":16,"quark:oak_chest":6,"minecraft:polished_blackstone_brick_wall":4,"minecraft:dandelion":25,"minecraft:cornflower":4,"minecraft:tall_grass":32,"minecraft:copper_ore":4,"minecraft:diorite":12,"minecraft:coarse_dirt":8,"minecraft:cobblestone_wall":3,"minecraft:birch_leaves":3,"vampirism:garlic":2,"minecraft:sunflower":14,"minecraft:gravel":5,"minecraft:cobweb":3,"apotheosis:salvaging_table":1,"minecraft:polished_blackstone":2,"minecraft:stone_bricks":2,"minecraft:gold_ore":10,"minecraft:large_amethyst_bud":1,"farmersdelight:rich_soil":9,"minecraft:farmland":35,"minecraft:cobblestone_stairs":31,"minecraft:grass_block":754,"minecraft:cracked_polished_blackstone_bricks":38,"minecraft:gilded_blackstone":2,"minecraft:smooth_stone":1,"minecraft:iron_ore":17,"minecraft:azure_bluet":4,"minecraft:iron_bars":2,"minecraft:quartz_block":11,"minecraft:polished_blackstone_wall":2,"minecraft:blackstone":185,"minecraft:calcite":1,"minecraft:poppy":4,"apotheosis:reforging_table":1,"minecraft:nether_quartz_ore":17,"minecraft:cobblestone":559,"minecraft:oak_planks":139,"minecraft:wall_torch":10,"ars_nouveau:archwood_planks":4,"minecraft:stripped_oak_wood":2,"minecraft:smooth_stone_slab":15,"minecraft:oak_log":231,"minecraft:dirt":793,"minecraft:netherrack":1782,"minecraft:ancient_debris":50,"minecraft:oak_leaves":5,"minecraft:nether_gold_ore":7,"minecraft:diamond_ore":8,"minecraft:tuff":21,"minecraft:deepslate_diamond_ore":21,"minecraft:oak_door":8,"gravestone:gravestone":9,"minecraft:furnace":6,"minecraft:carrots":1,"minecraft:gold_block":36,"minecraft:deepslate_iron_ore":3,"minecraft:stone":1084,"minecraft:basalt":432,"minecraft:oak_fence":59,"minecraft:crafting_table":14,"minecraft:blackstone_slab":11,"minecraft:polished_blackstone_brick_stairs":6,"minecraft:lime_bed":1,"minecraft:coal_ore":2,"minecraft:cracked_stone_bricks":1,"minecraft:polished_andesite":3},"minecraft:dropped":{"minecraft:lapis_lazuli":64,"minecraft:cooked_beef":64,"minecraft:glass_bottle":1,"minecraft:orange_tulip":1,"minecraft:emerald":128,"minecraft:dirt":2,"sophisticatedbackpacks:netherite_backpack":1,"scalinghealth:chance_heart":1,"minecraft:white_wool":1,"minecraft:bone":12,"minecraft:oak_door":1,"wom:agony":1,"minecraft:diamond_block":1,"minecraft:iron_nugget":3,"ars_nouveau:apprentice_spell_book":1,"mca:book_blueprint":1,"minecraft:obsidian":4,"minecraft:rotten_flesh":17,"minecraft:azure_bluet":2,"minecraft:brick_stairs":1,"hole_filler_mod:throwable_hole_filler":2,"vampirism:oil_bottle":1,"minecraft:spruce_slab":2,"apotheosis:potion_charm":1,"minecraft:wheat_seeds":16,"ars_nouveau:ring_of_greater_discount":1,"minecraft:polished_blackstone":1,"mca:wedding_ring_rg":1,"minecraft:feather":3,"relics:midnight_robe":1,"minecraft:apple":1,"minecraft:granite":64,"minecraft:coal":1,"minecraft:lava_bucket":1,"minecraft:golden_carrot":20,"minecraft:diamond_helmet":2,"minecraft:potion":7,"minecraft:oak_stairs":1,"apotheosis:uncommon_material":4,"ars_nouveau:caster_tome":1,"minecraft:netherite_ingot":6,"minecraft:spruce_fence":9,"minecraft:diamond_sword":1,"ars_nouveau:amulet_of_mana_boost":1,"minecraft:stone":1,"minecraft:diamond_pickaxe":2,"hole_filler_mod:throwable_hole_filler_smart":1,"minecraft:stone_bricks":1,"minecraft:barrel":1,"minecraft:spider_eye":1,"minecraft:bow":2,"waystones:waystone":1,"scalinghealth:bandages":1,"hole_filler_mod:throwable_hole_filler_balanced_slice":1,"epicfight:skillbook":1,"apotheosis:gem_dust":3,"minecraft:candle":32,"ars_nouveau:enchanters_shield":1,"minecraft:ender_pearl":2,"mca:bouquet":1,"minecraft:leather":4,"minecraft:red_wool":2,"ars_nouveau:battlemage_boots":1,"farmersdelight:onion":2,"gravestone:obituary":4,"irons_spellbooks:emerald_stoneplate_ring":1,"epicfight:stray_robe":1,"minecraft:chiseled_polished_blackstone":1,"minecraft:blackstone":12,"minecraft:pointed_dripstone":5,"spartanweaponry:iron_longbow":1,"sophisticatedbackpacks:diamond_backpack":1,"waystones:warp_stone":1,"ars_nouveau:battlemage_leggings":1,"minecraft:chainmail_chestplate":1,"onlyhammersandexcavators:emerald_hammer":1,"apotheosis:ender_lead":1,"mca:villager_editor":1,"minecraft:gunpowder":2,"minecraft:basalt":1,"minecraft:arrow":132,"relics:magma_walker":1,"minecraft:netherrack":4,"minecraft:stripped_spruce_log":6,"minecraft:diamond_leggings":1,"ars_nouveau:arcanist_hood":1,"minecraft:spruce_stairs":3,"minecraft:grass_block":1,"minecraft:stick":1,"irons_spellbooks:scroll":3,"minecraft:brewing_stand":1,"minecraft:torch":32,"minecraft:melon_slice":31,"born_in_chaos_v1:fused_bone":2,"minecraft:granite_stairs":1,"sophisticatedbackpacks:crafting_upgrade":1,"mca:engagement_ring_rg":1,"ars_nouveau:belt_of_levitation":1,"epicfight:stray_pants":1,"ars_nouveau:wilden_wing":1,"minecraft:dandelion":2,"minecraft:redstone":65,"minecraft:blaze_rod":8,"minecraft:shield":1,"minecraft:diamond_chestplate":1,"ars_nouveau:battlemage_robes":1,"minecraft:andesite":9,"minecraft:oak_sapling":15,"iceandfire:dragonbone_bow":1,"minecraft:slime_ball":4,"minecraft:diamond_boots":2,"explorerscompass:explorerscompass":1,"minecraft:spruce_log":20,"born_in_chaos_v1:supreme_measure":3,"minecraft:magma_cream":1},"minecraft:picked_up":{"minecraft:lead":3,"minecraft:oak_stairs":264,"minecraft:enchanted_book":3,"spartanshields:diamond_basic_shield":1,"minecraft:brewing_stand":1,"minecraft:amethyst_block":6,"minecraft:polished_deepslate":48,"minecraft:polished_blackstone_brick_stairs":5,"minecraft:string":17,"minecraft:shroomlight":64,"minecraft:beetroot":2,"vampirism:obi_belt":2,"minecraft:diamond_leggings":3,"minecraft:gold_nugget":91,"minecraft:cobbled_deepslate":214,"minecraft:spruce_planks":3,"sophisticatedbackpacks:netherite_backpack":1,"minecraft:coal_block":29,"minecraft:melon_slice":31,"minecraft:crimson_sign":2,"minecraft:polished_blackstone_stairs":1,"born_in_chaos_v1:shattered_skull":2,"minecraft:composter":1,"vampirism:amulet":3,"quark:clear_shard":16,"farmersdelight:onion":6,"minecraft:blaze_rod":8,"epicfight:stray_robe":2,"minecraft:iron_bars":1,"minecraft:magma_block":4,"minecraft:cooked_beef":2,"minecraft:feather":12,"born_in_chaos_v1:spiritual_dust":3,"ars_nouveau:magebloom":6,"minecraft:lantern":3,"minecraft:twisting_vines":5,"minecraft:rabbit":1,"minecraft:diamond_helmet":5,"minecraft:chiseled_polished_blackstone":1,"vampirism:ring":2,"scalinghealth:enchanted_heart":1,"minecraft:stripped_spruce_log":6,"minecraft:ink_sac":3,"minecraft:fermented_spider_eye":1,"minecraft:barrel":1,"born_in_chaos_v1:supreme_measure":3,"minecraft:polished_andesite":2,"minecraft:granite":130,"apotheosis:reforging_table":1,"iceandfire:dragonbone_bow":1,"born_in_chaos_v1:rotten_fish":1,"minecraft:crafting_table":14,"minecraft:bee_nest":1,"iceandfire:witherbone":3,"born_in_chaos_v1:seedof_chaos":2,"gravestone:obituary":2,"epicfight:stray_pants":2,"minecraft:heavy_weighted_pressure_plate":4,"minecraft:cornflower":4,"epicfight:stray_hat":1,"minecraft:polished_blackstone_wall":2,"minecraft:cracked_stone_bricks":23,"minecraft:beef":14,"minecraft:iron_nugget":7,"minecraft:poppy":3,"minecraft:spruce_slab":2,"minecraft:birch_sapling":7,"minecraft:egg":8,"relics:magma_walker":1,"minecraft:oak_door":9,"minecraft:spruce_fence":9,"farmersdelight:tomato_seeds":6,"born_in_chaos_v1:pieceofdarkmetal":3,"minecraft:carrot":14,"minecraft:redstone":1,"mca:book_blueprint":1,"minecraft:tnt":1,"minecraft:diamond_chestplate":3,"minecraft:beetroot_seeds":6,"minecraft:diamond_boots":3,"minecraft:gold_ingot":2,"minecraft:polished_blackstone":2,"minecraft:mutton":5,"minecraft:bone_block":14,"minecraft:white_wool":4,"minecraft:oxeye_daisy":1,"minecraft:lime_bed":2,"minecraft:blackstone_slab":14,"minecraft:red_mushroom":7,"minecraft:oak_log":233,"scalinghealth:bandages":1,"minecraft:ancient_debris":50,"minecraft:paper":16,"minecraft:white_banner":1,"minecraft:spawner":1,"minecraft:apple":6,"minecraft:stone_bricks":33,"minecraft:kelp":49,"minecraft:wild_armor_trim_smithing_template":4,"minecraft:oak_fence_gate":1,"scalinghealth:power_crystal_shard":6,"minecraft:iron_sword":1,"minecraft:polished_andesite_stairs":42,"minecraft:smooth_basalt":7,"minecraft:red_wool":1,"minecraft:gravel":6,"minecraft:spruce_log":20,"onlyhammersandexcavators:emerald_hammer":1,"minecraft:infested_stone_bricks":19,"hole_filler_mod:throwable_hole_filler":2,"ars_nouveau:source_gem_block":9,"minecraft:polished_blackstone_brick_wall":1,"minecraft:ender_pearl":2,"irons_spellbooks:scroll":3,"cataclysm:monstrous_horn":1,"minecraft:potion":3,"minecraft:gilded_blackstone":2,"minecraft:raw_copper":25,"minecraft:smooth_stone_slab":13,"minecraft:sea_pickle":4,"irons_spellbooks:arcane_essence":3,"minecraft:smooth_stone":1,"minecraft:calcite":4,"minecraft:iron_pickaxe":1,"minecraft:furnace":6,"minecraft:tipped_arrow":1,"minecraft:stick":37,"apotheosis:gem":4,"minecraft:oak_fence":65,"minecraft:torch":101,"minecraft:spruce_stairs":3,"epicfight:skillbook":3,"minecraft:porkchop":23,"minecraft:diorite":12,"vampirism:vampire_fang":5,"minecraft:quartz_block":15,"etched:etched_music_disc":4,"minecraft:rotten_flesh":32,"ars_nouveau:whirlisprig_shards":1,"minecraft:leather_horse_armor":1,"ars_nouveau:alteration_table":1,"minecraft:cobblestone":1895,"minecraft:magma_cream":6,"minecraft:andesite":11,"minecraft:golden_leggings":1,"minecraft:potato":10,"minecraft:tuff":23,"minecraft:lapis_lazuli":4,"minecraft:dirt":2648,"minecraft:bone":23,"minecraft:orange_tulip":1,"minecraft:bow":2,"ars_nouveau:source_gem":8,"minecraft:wheat_seeds":118,"minecraft:raw_gold":10,"minecraft:bell":1,"vampirism:item_garlic":19,"minecraft:oak_planks":142,"irons_spellbooks:frozen_bone":5,"minecraft:music_disc_13":1,"minecraft:oak_pressure_plate":1,"minecraft:polished_blackstone_slab":1,"minecraft:nether_brick_stairs":2,"minecraft:diamond_block":3,"minecraft:mossy_cobblestone":24,"vampirism:pitchfork":1,"minecraft:diamond":30,"vampirism:oil_bottle":1,"minecraft:soul_lantern":2,"waystones:waystone":1,"minecraft:polished_blackstone_button":6,"minecraft:cracked_polished_blackstone_bricks":37,"minecraft:crossbow":1,"minecraft:bone_meal":4,"minecraft:spruce_sign":14,"minecraft:emerald":35,"scalinghealth:cursed_heart":3,"minecraft:oak_sapling":73,"minecraft:netherrack":1102,"minecraft:azure_bluet":6,"minecraft:chicken":9,"minecraft:ladder":3,"apotheosis:salvaging_table":1,"minecraft:gold_block":35,"minecraft:shield":2,"ars_nouveau:archwood_planks":4,"minecraft:moss_carpet":1,"minecraft:item_frame":5,"minecraft:blackstone":152,"minecraft:spruce_trapdoor":6,"minecraft:raw_iron":25,"iceandfire:dragonbone":3,"grimoireofgaia:meat":1,"minecraft:polished_blackstone_bricks":97,"minecraft:arrow":12,"minecraft:nether_bricks":16,"minecraft:brick_stairs":1,"apotheosis:infused_hellshelf":15,"farmersdelight:rich_soil":9,"hole_filler_mod:throwable_hole_filler_smart":1,"minecraft:basalt":211,"minecraft:salmon":2,"minecraft:leather":24,"minecraft:granite_stairs":1,"minecraft:chainmail_chestplate":1,"minecraft:yellow_bed":1,"minecraft:gunpowder":1,"minecraft:cobblestone_wall":3,"minecraft:cobblestone_stairs":34,"scalinghealth:heart_crystal":10,"relics:midnight_robe":1,"minecraft:cooked_mutton":12,"minecraft:red_carpet":7,"vampirism:human_heart":29,"cataclysm:infernal_forge":1,"minecraft:rabbit_hide":5,"mca:villager_editor":3,"minecraft:stripped_oak_wood":2,"minecraft:oak_slab":56,"scalinghealth:heart_crystal_shard":13,"minecraft:quartz":52,"minecraft:dandelion":25,"ars_nouveau:bastion_pod":3,"minecraft:amethyst_shard":44,"minecraft:red_banner":3,"quark:oak_chest":5,"hole_filler_mod:throwable_hole_filler_balanced_slice":1,"minecraft:spider_eye":2,"minecraft:iron_helmet":1,"minecraft:black_wool":1,"minecraft:coal":89,"minecraft:sunflower":13},"minecraft:killed_by":{"vampirism:villager_angry":2,"vampirism:vampire":1,"minecraft:piglin":2,"minecraft:player":3}},"DataVersion":3465}