{
  "iceandfire:iceandfire/root": {
    "criteria": {
      "tick": "2024-08-22 17:30:08 +0000"
    },
    "done": true
  },
  "mca:recipes/building_blocks/headstones": {
    "criteria": {
      "has_the_cross_recipe": "2024-08-22 17:30:08 +0000"
    },
    "done": true
  },
  "mowziesmobs:root": {
    "criteria": {
      "custom_test_name": "2024-08-22 17:30:08 +0000"
    },
    "done": true
  },
  "explorerscompass:explorers_compass_cracked_stone_bricks": {
    "criteria": {
      "has_recipe": "2024-08-22 17:30:08 +0000"
    },
    "done": true
  },
  "apotheosis:give_book": {
    "criteria": {
      "tick": "2024-08-22 17:30:08 +0000"
    },
    "done": true
  },
  "explorerscompass:explorers_compass_cobweb": {
    "criteria": {
      "has_recipe": "2024-08-22 17:30:08 +0000"
    },
    "done": true
  },
  "ars_nouveau:root": {
    "criteria": {
      "ars_nouveau:worn_notebook": "2024-08-22 17:30:08 +0000"
    },
    "done": true
  },
  "farmersdelight:main/root": {
    "criteria": {
      "seeds": "2024-08-22 17:30:08 +0000"
    },
    "done": true
  },
  "cataclysm:root": {
    "criteria": {
      "custom_test_name": "2024-08-22 17:30:08 +0000"
    },
    "done": true
  },
  "irons_spellbooks:grant_patchouli": {
    "criteria": {
      "tick": "2024-08-22 17:30:08 +0000"
    },
    "done": true
  },
  "explorerscompass:explorers_compass": {
    "criteria": {
      "has_recipe": "2024-08-22 17:30:08 +0000"
    },
    "done": true
  },
  "minecraft:adventure/adventuring_time": {
    "criteria": {
      "minecraft:deep_ocean": "2024-08-26 02:39:54 +0000",
      "quark:glimmering_weald": "2024-08-26 02:00:06 +0000",
      "minecraft:sunflower_plains": "2024-08-22 17:50:19 +0000",
      "minecraft:cherry_grove": "2024-09-02 23:31:45 +0000",
      "minecraft:savanna_plateau": "2024-08-22 17:46:11 +0000",
      "minecraft:beach": "2024-08-23 01:32:24 +0000",
      "minecraft:sparse_jungle": "2024-08-26 02:31:16 +0000",
      "minecraft:river": "2024-08-22 18:12:09 +0000",
      "minecraft:stony_shore": "2024-08-23 01:47:54 +0000",
      "minecraft:forest": "2024-08-22 17:46:38 +0000",
      "minecraft:ocean": "2024-08-23 01:42:14 +0000",
      "minecraft:jungle": "2024-08-28 18:07:19 +0000",
      "minecraft:flower_forest": "2024-08-22 19:51:06 +0000",
      "minecraft:old_growth_birch_forest": "2024-08-26 02:30:59 +0000",
      "minecraft:deep_dark": "2024-08-27 22:16:22 +0000",
      "minecraft:meadow": "2024-08-23 02:29:16 +0000",
      "minecraft:savanna": "2024-08-22 17:46:01 +0000",
      "minecraft:plains": "2024-08-22 17:30:09 +0000"
    },
    "done": false
  },
  "mca:root": {
    "criteria": {
      "village_plains": "2024-08-22 17:32:34 +0000"
    },
    "done": true
  },
  "apotheosis:affix/gem": {
    "criteria": {
      "gem": "2024-08-22 17:32:49 +0000"
    },
    "done": true
  },
  "apotheosis:affix/mythic_gem": {
    "criteria": {
      "gem": "2024-08-22 17:32:53 +0000"
    },
    "done": true
  },
  "apotheosis:affix/root": {
    "criteria": {
      "sword": "2024-08-22 17:33:03 +0000"
    },
    "done": true
  },
  "mca:recipes/misc/comb": {
    "criteria": {
      "has_item": "2024-08-22 17:33:04 +0000"
    },
    "done": true
  },
  "mca:recipes/misc/bouquet": {
    "criteria": {
      "has_item": "2024-08-22 17:33:04 +0000"
    },
    "done": true
  },
  "mca:recipes/misc/needle_and_thread": {
    "criteria": {
      "has_item": "2024-08-22 17:33:04 +0000"
    },
    "done": true
  },
  "mca:recipes/misc/whistle": {
    "criteria": {
      "has_item": "2024-08-22 17:33:04 +0000"
    },
    "done": true
  },
  "minecraft:story/smelt_iron": {
    "criteria": {
      "iron": "2024-08-22 17:33:04 +0000"
    },
    "done": true
  },
  "spartanweaponry:greatsword": {
    "criteria": {
      "has_greatsword": "2024-08-22 17:34:56 +0000"
    },
    "done": true
  },
  "spartanweaponry:dagger": {
    "criteria": {
      "has_dagger": "2024-08-22 17:35:00 +0000"
    },
    "done": true
  },
  "apotheosis:affix/chests": {
    "criteria": {
      "sword": "2024-08-22 17:35:21 +0000"
    },
    "done": true
  },
  "mca:recipes/misc/family_tree": {
    "criteria": {
      "has_item": "2024-08-22 17:35:32 +0000"
    },
    "done": true
  },
  "minecraft:adventure/root": {
    "criteria": {
      "killed_something": "2024-08-22 17:35:46 +0000"
    },
    "done": true
  },
  "mca:recipes/misc/potions": {
    "criteria": {
      "has_item": "2024-08-22 17:37:08 +0000"
    },
    "done": true
  },
  "minecraft:story/root": {
    "criteria": {
      "crafting_table": "2024-08-22 17:38:08 +0000"
    },
    "done": true
  },
  "minecraft:husbandry/balanced_diet": {
    "criteria": {
      "cooked_porkchop": "2024-08-23 02:46:27 +0000",
      "cooked_mutton": "2024-08-23 00:48:10 +0000",
      "cooked_beef": "2024-08-26 01:14:07 +0000",
      "baked_potato": "2024-08-28 01:25:32 +0000",
      "porkchop": "2024-08-22 20:04:48 +0000",
      "potato": "2024-08-22 20:21:46 +0000",
      "bread": "2024-08-22 17:38:40 +0000",
      "golden_apple": "2024-09-04 19:07:13 +0000",
      "rotten_flesh": "2024-08-22 20:24:33 +0000",
      "golden_carrot": "2024-09-02 23:40:41 +0000",
      "cooked_chicken": "2024-08-23 01:57:10 +0000",
      "cooked_salmon": "2024-08-25 23:48:13 +0000",
      "carrot": "2024-08-22 20:04:40 +0000"
    },
    "done": false
  },
  "minecraft:husbandry/root": {
    "criteria": {
      "consumed_item": "2024-08-22 17:38:40 +0000"
    },
    "done": true
  },
  "minecraft:adventure/kill_all_mobs": {
    "criteria": {
      "minecraft:blaze": "2024-08-28 20:02:31 +0000",
      "minecraft:skeleton": "2024-08-22 17:45:31 +0000",
      "minecraft:ghast": "2024-08-28 18:55:25 +0000",
      "minecraft:vindicator": "2024-08-22 20:15:22 +0000",
      "minecraft:magma_cube": "2024-08-28 20:00:38 +0000",
      "minecraft:spider": "2024-08-22 17:40:12 +0000",
      "minecraft:piglin_brute": "2024-08-28 18:43:48 +0000",
      "minecraft:creeper": "2024-08-22 18:03:17 +0000",
      "minecraft:phantom": "2024-08-27 20:13:25 +0000",
      "minecraft:zombified_piglin": "2024-08-28 18:53:03 +0000",
      "minecraft:wither_skeleton": "2024-08-28 01:03:42 +0000",
      "minecraft:husk": "2024-08-26 20:50:53 +0000",
      "minecraft:cave_spider": "2024-08-22 17:41:14 +0000",
      "minecraft:piglin": "2024-09-03 01:59:28 +0000",
      "minecraft:stray": "2024-08-22 18:03:52 +0000",
      "minecraft:enderman": "2024-08-22 19:54:27 +0000",
      "minecraft:zombie": "2024-08-22 17:39:53 +0000",
      "quark:foxhound": "2024-08-27 20:32:53 +0000"
    },
    "done": false
  },
  "minecraft:adventure/kill_a_mob": {
    "criteria": {
      "minecraft:zombie": "2024-08-22 17:39:53 +0000"
    },
    "done": true
  },
  "apotheosis:affix/rare_gem": {
    "criteria": {
      "gem": "2024-08-22 17:44:23 +0000"
    },
    "done": true
  },
  "minecraft:story/deflect_arrow": {
    "criteria": {
      "deflected_projectile": "2024-08-22 17:45:26 +0000"
    },
    "done": true
  },
  "minecraft:adventure/sleep_in_bed": {
    "criteria": {
      "slept_in_bed": "2024-08-22 17:56:23 +0000"
    },
    "done": true
  },
  "apotheosis:affix/rare": {
    "criteria": {
      "sword": "2024-08-22 18:04:39 +0000"
    },
    "done": true
  },
  "mca:recipes/misc/books": {
    "criteria": {
      "has_item": "2024-08-22 18:06:37 +0000"
    },
    "done": true
  },
  "mca:recipes/misc/blueprint": {
    "criteria": {
      "has_item": "2024-08-22 18:06:37 +0000"
    },
    "done": true
  },
  "minecraft:story/obtain_armor": {
    "criteria": {
      "iron_boots": "2024-08-22 18:06:42 +0000"
    },
    "done": true
  },
  "minecraft:story/upgrade_tools": {
    "criteria": {
      "stone_pickaxe": "2024-08-22 18:10:07 +0000"
    },
    "done": true
  },
  "minecraft:story/iron_tools": {
    "criteria": {
      "iron_pickaxe": "2024-08-22 18:12:16 +0000"
    },
    "done": true
  },
  "minecraft:story/shiny_gear": {
    "criteria": {
      "diamond_boots": "2024-08-22 18:14:58 +0000"
    },
    "done": true
  },
  "minecraft:story/mine_diamond": {
    "criteria": {
      "diamond": "2024-08-22 18:17:30 +0000"
    },
    "done": true
  },
  "apotheosis:affix/random": {
    "criteria": {
      "sword": "2024-08-22 19:33:20 +0000"
    },
    "done": true
  },
  "minecraft:story/mine_stone": {
    "criteria": {
      "get_stone": "2024-08-22 19:36:43 +0000"
    },
    "done": true
  },
  "mca:recipes/misc/rose_gold_dust": {
    "criteria": {
      "has_item": "2024-08-22 19:45:01 +0000"
    },
    "done": true
  },
  "ars_nouveau:novice_spell_book": {
    "criteria": {
      "has_novice_spell_book": "2024-08-22 19:53:22 +0000"
    },
    "done": true
  },
  "apotheosis:affix/boss": {
    "criteria": {
      "sword": "2024-08-22 20:15:23 +0000"
    },
    "done": true
  },
  "vampirism:main/root": {
    "criteria": {
      "main": "2024-08-22 20:20:20 +0000"
    },
    "done": true
  },
  "spartanweaponry:collect_heads": {
    "criteria": {
      "zombie_head": "2024-08-25 23:59:25 +0000",
      "wither_skeleton_skull": "2024-08-28 20:23:23 +0000",
      "skeleton_skull": "2024-08-22 20:22:13 +0000"
    },
    "done": false
  },
  "minecraft:husbandry/plant_seed": {
    "criteria": {
      "wheat": "2024-08-22 20:35:27 +0000"
    },
    "done": true
  },
  "farmersdelight:main/plant_all_crops": {
    "criteria": {
      "wheat": "2024-08-22 20:35:27 +0000"
    },
    "done": false
  },
  "minecraft:nether/obtain_blaze_rod": {
    "criteria": {
      "blaze_rod": "2024-08-22 20:42:49 +0000"
    },
    "done": true
  },
  "minecraft:adventure/shoot_arrow": {
    "criteria": {
      "shot_arrow": "2024-08-23 00:11:29 +0000"
    },
    "done": true
  },
  "vampirism:hunter/betrayal": {
    "criteria": {
      "faction": "2024-08-23 00:13:40 +0000",
      "kill": "2024-08-23 03:01:07 +0000"
    },
    "done": true
  },
  "vampirism:hunter/become_hunter": {
    "criteria": {
      "main": "2024-08-23 00:13:40 +0000"
    },
    "done": true
  },
  "vampirism:hunter/technology": {
    "criteria": {
      "main": "2024-08-23 00:13:40 +0000"
    },
    "done": false
  },
  "vampirism:hunter/kill_resurrected_vampire": {
    "criteria": {
      "main": "2024-08-23 00:13:40 +0000"
    },
    "done": false
  },
  "vampirism:hunter/cure_vampire_villager": {
    "criteria": {
      "main": "2024-08-23 00:13:40 +0000"
    },
    "done": false
  },
  "vampirism:hunter/stake": {
    "criteria": {
      "main": "2024-08-23 00:13:40 +0000",
      "flower": "2024-08-23 01:25:05 +0000"
    },
    "done": true
  },
  "vampirism:hunter/max_lord": {
    "criteria": {
      "main": "2024-08-23 00:13:40 +0000"
    },
    "done": false
  },
  "vampirism:hunter/kill_mother": {
    "criteria": {
      "main": "2024-08-23 00:13:40 +0000"
    },
    "done": false
  },
  "minecraft:husbandry/bred_all_animals": {
    "criteria": {
      "minecraft:cow": "2024-08-23 00:36:43 +0000"
    },
    "done": false
  },
  "minecraft:husbandry/breed_an_animal": {
    "criteria": {
      "bred": "2024-08-23 00:36:43 +0000"
    },
    "done": true
  },
  "apotheosis:spawner/capturing": {
    "criteria": {
      "egg": "2024-08-23 00:46:03 +0000"
    },
    "done": true
  },
  "minecraft:adventure/trade": {
    "criteria": {
      "traded": "2024-08-23 01:03:02 +0000"
    },
    "done": true
  },
  "minecraft:husbandry/tame_an_animal": {
    "criteria": {
      "tamed_animal": "2024-08-23 01:31:25 +0000"
    },
    "done": true
  },
  "minecraft:story/form_obsidian": {
    "criteria": {
      "obsidian": "2024-08-23 02:16:29 +0000"
    },
    "done": true
  },
  "irons_spellbooks:irons_spellbooks/root": {
    "criteria": {
      "inscription_table": "2024-08-23 02:16:38 +0000"
    },
    "done": true
  },
  "irons_spellbooks:make_inscription_table": {
    "criteria": {
      "inscription_table": "2024-08-23 02:16:38 +0000"
    },
    "done": true
  },
  "irons_spellbooks:irons_spellbooks/make_inscription_table": {
    "criteria": {
      "inscription_table": "2024-08-23 02:16:38 +0000"
    },
    "done": true
  },
  "irons_spellbooks:irons_spellbooks/ink_root": {
    "criteria": {
      "requirement": "2024-08-23 02:24:05 +0000"
    },
    "done": true
  },
  "apotheosis:enchanting/enchanter": {
    "criteria": {
      "enchanting_table": "2024-08-23 03:22:59 +0000"
    },
    "done": true
  },
  "apotheosis:enchanting/bookshelf": {
    "criteria": {
      "bookshelf": "2024-08-23 03:23:41 +0000"
    },
    "done": true
  },
  "minecraft:story/enchant_item": {
    "criteria": {
      "enchanted_item": "2024-08-23 03:29:38 +0000"
    },
    "done": true
  },
  "apotheosis:enchanting/enchanting_stats": {
    "criteria": {
      "enchanted_item": "2024-08-23 03:29:38 +0000"
    },
    "done": true
  },
  "grimoireofgaia:main/root": {
    "criteria": {
      "join": "2024-08-25 23:05:19 +0000"
    },
    "done": true
  },
  "born_in_chaos_v1:bornin_chaos": {
    "criteria": {
      "bornin_chaos_0": "2024-08-25 23:05:19 +0000"
    },
    "done": true
  },
  "ars_nouveau:imbuement_chamber": {
    "criteria": {
      "has_imbuement_chamber": "2024-08-25 23:42:36 +0000"
    },
    "done": true
  },
  "ars_nouveau:source_jar": {
    "criteria": {
      "has_source_jar": "2024-08-25 23:44:20 +0000"
    },
    "done": true
  },
  "minecraft:story/lava_bucket": {
    "criteria": {
      "lava_bucket": "2024-08-25 23:47:06 +0000"
    },
    "done": true
  },
  "ars_nouveau:enchanting_apparatus": {
    "criteria": {
      "has_enchanting_apparatus": "2024-08-26 00:03:48 +0000"
    },
    "done": true
  },
  "ars_nouveau:magebloom_crop": {
    "criteria": {
      "has_magebloom_crop": "2024-08-26 00:12:02 +0000"
    },
    "done": true
  },
  "ars_nouveau:warp_scroll": {
    "criteria": {
      "has_warp_scroll": "2024-08-26 00:55:17 +0000"
    },
    "done": true
  },
  "apotheosis:spawner/root": {
    "criteria": {
      "spawner": "2024-08-26 00:56:57 +0000"
    },
    "done": true
  },
  "minecraft:husbandry/obtain_netherite_hoe": {
    "criteria": {
      "netherite_hoe": "2024-08-26 01:06:04 +0000"
    },
    "done": true
  },
  "grimoireofgaia:main/harpy": {
    "criteria": {
      "kill": "2024-08-26 01:36:07 +0000"
    },
    "done": true
  },
  "grimoireofgaia:main/minotaurus": {
    "criteria": {
      "kill": "2024-08-26 01:48:12 +0000"
    },
    "done": true
  },
  "minecraft:nether/root": {
    "criteria": {
      "entered_nether": "2024-08-26 01:51:13 +0000"
    },
    "done": true
  },
  "minecraft:story/enter_the_nether": {
    "criteria": {
      "entered_nether": "2024-08-26 01:51:13 +0000"
    },
    "done": true
  },
  "minecraft:nether/explore_nether": {
    "criteria": {
      "minecraft:crimson_forest": "2024-08-26 01:52:24 +0000",
      "minecraft:nether_wastes": "2024-08-26 01:51:16 +0000",
      "minecraft:soul_sand_valley": "2024-08-28 18:44:30 +0000",
      "minecraft:basalt_deltas": "2024-08-28 18:51:13 +0000",
      "minecraft:warped_forest": "2024-09-03 01:53:11 +0000"
    },
    "done": true
  },
  "apotheosis:enchanting/30ench": {
    "criteria": {
      "enchanted_item": "2024-08-26 03:13:07 +0000"
    },
    "done": true
  },
  "ars_nouveau:apprentice_spell_book": {
    "criteria": {
      "has_apprentice_spell_book": "2024-08-26 03:15:56 +0000"
    },
    "done": true
  },
  "ars_nouveau:alteration_table": {
    "criteria": {
      "has_alteration_table": "2024-08-27 20:51:30 +0000"
    },
    "done": true
  },
  "mca:friend": {
    "criteria": {
      "baby": "2024-08-27 21:04:36 +0000"
    },
    "done": true
  },
  "mca:marriage": {
    "criteria": {
      "iron": "2024-08-28 01:13:38 +0000"
    },
    "done": true
  },
  "born_in_chaos_v1:big_boy": {
    "criteria": {
      "big_boy_0": "2024-08-28 01:40:54 +0000"
    },
    "done": true
  },
  "born_in_chaos_v1:good_demoman": {
    "criteria": {
      "good_demoman_0": "2024-08-28 01:48:59 +0000"
    },
    "done": true
  },
  "apotheosis:enchanting/arcana50": {
    "criteria": {
      "enchanted_item": "2024-08-28 18:18:02 +0000"
    },
    "done": true
  },
  "mowziesmobs:kill_naga": {
    "criteria": {
      "naga": "2024-08-28 18:28:48 +0000"
    },
    "done": true
  },
  "apotheosis:affix/epic": {
    "criteria": {
      "sword": "2024-08-28 18:43:51 +0000"
    },
    "done": true
  },
  "grimoireofgaia:main/succubus": {
    "criteria": {
      "kill": "2024-08-28 18:50:08 +0000"
    },
    "done": true
  },
  "minecraft:nether/find_fortress": {
    "criteria": {
      "fortress": "2024-08-28 18:51:51 +0000"
    },
    "done": true
  },
  "minecraft:nether/return_to_sender": {
    "criteria": {
      "killed_ghast": "2024-08-28 18:57:03 +0000"
    },
    "done": true
  },
  "born_in_chaos_v1:dark_metallurgy": {
    "criteria": {
      "dark_metallurgy_0": "2024-08-28 20:17:55 +0000"
    },
    "done": true
  },
  "minecraft:nether/get_wither_skull": {
    "criteria": {
      "wither_skull": "2024-08-28 20:23:23 +0000"
    },
    "done": true
  },
  "minecraft:nether/brew_potion": {
    "criteria": {
      "potion": "2024-08-28 20:50:10 +0000"
    },
    "done": true
  },
  "apotheosis:enchanting/hellshelf": {
    "criteria": {
      "hellshelf": "2024-08-29 18:00:41 +0000"
    },
    "done": true
  },
  "minecraft:nether/obtain_ancient_debris": {
    "criteria": {
      "ancient_debris": "2024-09-02 23:50:51 +0000"
    },
    "done": true
  },
  "mca:best_friend": {
    "criteria": {
      "baby": "2024-09-03 00:15:03 +0000"
    },
    "done": true
  },
  "grimoireofgaia:main/wither_cow": {
    "criteria": {
      "kill": "2024-09-03 00:32:24 +0000"
    },
    "done": true
  },
  "apotheosis:enchanting/quanta50": {
    "criteria": {
      "enchanted_item": "2024-09-03 02:13:47 +0000"
    },
    "done": true
  },
  "cataclysm:find_soul_black_smith": {
    "criteria": {
      "blacksmith": "2024-09-03 03:02:27 +0000"
    },
    "done": true
  },
  "cataclysm:find_burning_arena": {
    "criteria": {
      "arena": "2024-09-03 03:13:40 +0000"
    },
    "done": true
  },
  "mowziesmobs:kill_umvuthana_raptor": {
    "criteria": {
      "umvuthana_raptor": "2024-09-03 17:23:18 +0000"
    },
    "done": true
  },
  "mca:baby": {
    "criteria": {
      "baby": "2024-09-03 18:45:22 +0000"
    },
    "done": true
  },
  "minecraft:nether/create_beacon": {
    "criteria": {
      "beacon": "2024-09-03 19:24:21 +0000"
    },
    "done": true
  },
  "spartanweaponry:longbow": {
    "criteria": {
      "has_longbow": "2024-09-04 20:41:03 +0000"
    },
    "done": true
  },
  "minecraft:nether/find_bastion": {
    "criteria": {
      "bastion": "2024-09-04 20:51:13 +0000"
    },
    "done": true
  },
  "minecraft:nether/loot_bastion": {
    "criteria": {
      "loot_bastion_other": "2024-09-04 20:57:06 +0000"
    },
    "done": true
  },
  "mca:twins": {
    "criteria": {
      "baby": "2024-09-05 01:53:58 +0000"
    },
    "done": true
  },
  "minecraft:nether/netherite_armor": {
    "criteria": {
      "netherite_armor": "2024-09-05 01:41:11 +0000"
    },
    "done": true
  },
  "DataVersion": 3465
}